-- =============================================================================
-- SEED: INVENTORY, AUDIT, DEPRECIATION, DOCUMENTS, CMDB EXTRAS
-- =============================================================================
BEGIN;

    -- ============================================================================
    -- DROP CONFLICTING ROWS SAFETY: all inserts use ON CONFLICT guards
    -- ============================================================================

    -- ============================================================================
    -- 1. ORG UNITS
    -- ============================================================================
    INSERT INTO org_units
        (id, name, parent_id, path, depth)
    VALUES
        ('0a000000-0000-0000-0000-000000000001', 'Phòng CNTT', NULL, '/IT', 1),
        ('0a000000-0000-0000-0000-000000000002', 'Phòng Kế Toán', NULL, '/KT', 1),
        ('0a000000-0000-0000-0000-000000000003', 'Phòng Hành Chính', NULL, '/HC', 1),
        ('0a000000-0000-0000-0000-000000000004', 'Phòng Kinh Doanh', NULL, '/KD', 1),
        ('0a000000-0000-0000-0000-000000000005', 'Ban Giám Đốc', NULL, '/BGD', 1)
    ON CONFLICT
    (id) DO
    UPDATE SET name = EXCLUDED.name;

    -- ============================================================================
    -- 2. AUDIT SESSIONS
    -- ============================================================================
    INSERT INTO audit_sessions
        (id, audit_code, name, audit_type, scope_description, start_date, end_date,
        status, organization_id, created_by, total_items, audited_items)
    VALUES
        ('0b000000-0000-0000-0000-000000000001', 'AUDIT-2024-Q01', 'Kiểm kê tài sản Q1 2024', 'full',
            'Kiểm kê toàn bộ tài sản công ty tháng 3/2024', '2024-03-01', '2024-03-31', 'completed',
            'd0000000-0000-0000-0000-000000000001', '00000000-0000-0000-0000-000000000002', 45, 45),
        ('0b000000-0000-0000-0000-000000000002', 'AUDIT-2024-I01', 'Kiểm kê thiết bị CNTT tháng 4', 'spot_check',
            'Kiểm tra định kỳ thiết bị phòng CNTT và Data Center', '2024-04-01', '2024-04-15', 'in_progress',
            'd0000000-0000-0000-0000-000000000001', '00000000-0000-0000-0000-000000000002', 20, 8)
    ON CONFLICT
    (audit_code) DO
    UPDATE SET
    status        = EXCLUDED.status,
    audited_items = EXCLUDED.audited_items;

    -- ============================================================================
    -- 3. AUDIT CATEGORIES
    -- ============================================================================
    INSERT INTO audit_categories
        (id, audit_id, category_id)
    VALUES
        ('0b100000-0000-0000-0000-000000000001', '0b000000-0000-0000-0000-000000000001', 'e0000000-0000-0000-0000-000000000001'),
        ('0b100000-0000-0000-0000-000000000002', '0b000000-0000-0000-0000-000000000001', 'e0000000-0000-0000-0000-000000000002'),
        ('0b100000-0000-0000-0000-000000000003', '0b000000-0000-0000-0000-000000000001', 'e0000000-0000-0000-0000-000000000003'),
        ('0b100000-0000-0000-0000-000000000004', '0b000000-0000-0000-0000-000000000002', 'e0000000-0000-0000-0000-000000000006'),
        ('0b100000-0000-0000-0000-000000000005', '0b000000-0000-0000-0000-000000000002', 'e0000000-0000-0000-0000-000000000005')
    ON CONFLICT
    (audit_id, category_id) DO NOTHING;

    -- ============================================================================
    -- 4. AUDIT LOCATIONS
    -- ============================================================================
    INSERT INTO audit_locations
        (id, audit_id, location_id)
    VALUES
        ('0b200000-0000-0000-0000-000000000001', '0b000000-0000-0000-0000-000000000001', 'a0000000-0000-0000-0000-000000000001'),
        ('0b200000-0000-0000-0000-000000000002', '0b000000-0000-0000-0000-000000000001', 'a0000000-0000-0000-0000-000000000003'),
        ('0b200000-0000-0000-0000-000000000003', '0b000000-0000-0000-0000-000000000001', 'a0000000-0000-0000-0000-000000000006'),
        ('0b200000-0000-0000-0000-000000000004', '0b000000-0000-0000-0000-000000000002', 'a0000000-0000-0000-0000-000000000006'),
        ('0b200000-0000-0000-0000-000000000005', '0b000000-0000-0000-0000-000000000002', 'a0000000-0000-0000-0000-000000000003')
    ON CONFLICT
    (audit_id, location_id) DO NOTHING;

    -- ============================================================================
    -- 5. AUDIT AUDITORS
    -- ============================================================================
    INSERT INTO audit_auditors
        (id, audit_id, user_id, assigned_location_id, is_lead)
    VALUES
        ('0b300000-0000-0000-0000-000000000001', '0b000000-0000-0000-0000-000000000001', '00000000-0000-0000-0000-000000000002', 'a0000000-0000-0000-0000-000000000001', true),
        ('0b300000-0000-0000-0000-000000000002', '0b000000-0000-0000-0000-000000000001', '00000000-0000-0000-0000-000000000006', 'a0000000-0000-0000-0000-000000000003', false),
        ('0b300000-0000-0000-0000-000000000003', '0b000000-0000-0000-0000-000000000002', '00000000-0000-0000-0000-000000000002', 'a0000000-0000-0000-0000-000000000006', true),
        ('0b300000-0000-0000-0000-000000000004', '0b000000-0000-0000-0000-000000000002', '00000000-0000-0000-0000-000000000006', 'a0000000-0000-0000-0000-000000000003', false)
    ON CONFLICT
    (audit_id, user_id) DO NOTHING;

    -- ============================================================================
    -- 6. AUDIT ITEMS
    -- ============================================================================
    INSERT INTO audit_items
        (id, audit_id, asset_id, expected_location_id, actual_location_id,
        expected_user_id, actual_user_id, audit_status, actual_condition,
        expected_condition, audited_by, audited_at, notes)
    VALUES
        ('0b400000-0000-0000-0000-000000000001', '0b000000-0000-0000-0000-000000000001', 'a1000000-0000-0000-0000-000000000001', 'a0000000-0000-0000-0000-000000000001', 'a0000000-0000-0000-0000-000000000001', '00000000-0000-0000-0000-000000000005', '00000000-0000-0000-0000-000000000005', 'found', 'good', 'good', '00000000-0000-0000-0000-000000000002', '2024-03-05 10:00:00', NULL),
        ('0b400000-0000-0000-0000-000000000002', '0b000000-0000-0000-0000-000000000001', 'a1000000-0000-0000-0000-000000000011', 'a0000000-0000-0000-0000-000000000003', 'a0000000-0000-0000-0000-000000000003', '00000000-0000-0000-0000-000000000006', '00000000-0000-0000-0000-000000000006', 'found', 'good', 'good', '00000000-0000-0000-0000-000000000006', '2024-03-05 14:00:00', NULL),
        ('0b400000-0000-0000-0000-000000000003', '0b000000-0000-0000-0000-000000000001', 'a1000000-0000-0000-0000-000000000013', 'a0000000-0000-0000-0000-000000000001', 'a0000000-0000-0000-0000-000000000002', '00000000-0000-0000-0000-000000000005', NULL, 'misplaced', 'good', 'good', '00000000-0000-0000-0000-000000000006', '2024-03-05 15:00:00', 'Laptop không đúng vị trí đăng ký'),
        ('0b400000-0000-0000-0000-000000000004', '0b000000-0000-0000-0000-000000000001', 'a1000000-0000-0000-0000-000000000034', 'a0000000-0000-0000-0000-000000000006', 'a0000000-0000-0000-0000-000000000006', NULL, NULL, 'found', 'good', 'good', '00000000-0000-0000-0000-000000000002', '2024-03-10 10:00:00', NULL),
        ('0b400000-0000-0000-0000-000000000005', '0b000000-0000-0000-0000-000000000002', 'a1000000-0000-0000-0000-000000000016', 'a0000000-0000-0000-0000-000000000006', 'a0000000-0000-0000-0000-000000000006', NULL, NULL, 'found', 'good', 'good', '00000000-0000-0000-0000-000000000002', '2024-04-03 14:00:00', NULL),
        ('0b400000-0000-0000-0000-000000000006', '0b000000-0000-0000-0000-000000000001', 'a1000000-0000-0000-0000-000000000050', 'a0000000-0000-0000-0000-000000000008', 'a0000000-0000-0000-0000-000000000008', NULL, NULL, 'condition_issue', 'poor', 'good', '00000000-0000-0000-0000-000000000006', '2024-03-12 11:00:00', 'Camera xuống cấp, cần thay')
    ON CONFLICT
    (audit_id, asset_id) DO NOTHING;

    -- ============================================================================
    -- 7. AUDIT HISTORY
    -- ============================================================================
    INSERT INTO audit_history
        (id, audit_id, action, actor_id, details, created_at)
    VALUES
        ('0b500000-0000-0000-0000-000000000001', '0b000000-0000-0000-0000-000000000001', 'session_created', '00000000-0000-0000-0000-000000000002', '{"total_assets":45}', '2024-03-01 08:00:00'),
        ('0b500000-0000-0000-0000-000000000002', '0b000000-0000-0000-0000-000000000001', 'session_completed', '00000000-0000-0000-0000-000000000002', '{"found":44,"missing":0,"misplaced":1}', '2024-03-31 17:00:00'),
        ('0b500000-0000-0000-0000-000000000003', '0b000000-0000-0000-0000-000000000002', 'session_created', '00000000-0000-0000-0000-000000000002', '{"total_assets":20}', '2024-04-01 08:00:00')
    ON CONFLICT
    (id) DO NOTHING;

-- ============================================================================
-- 8. AUDIT UNREGISTERED ASSETS
-- ============================================================================
INSERT INTO audit_unregistered_assets
    (id, audit_id, temporary_id, description, location_found_id, found_by, condition, action, action_notes)
VALUES
    ('0b600000-0000-0000-0000-000000000001', '0b000000-0000-0000-0000-000000000001', 'TMP-001',
        'Máy in không rõ nguồn gốc, không có tem tài sản',
        'a0000000-0000-0000-0000-000000000002', '00000000-0000-0000-0000-000000000006',
        'poor', 'investigate', 'Cần xác minh nguồn gốc')
ON CONFLICT
(id) DO NOTHING;

-- ============================================================================
-- 9. INVENTORY SESSIONS
-- ============================================================================
INSERT INTO inventory_sessions
    (id, name, location_id, status, started_at, created_by)
VALUES
    ('0c000000-0000-0000-0000-000000000001', 'Kiểm kê kho chính tháng 2', 'a0000000-0000-0000-0000-000000000001', 'closed', '2024-02-01 08:00:00', 'admin'),
    ('0c000000-0000-0000-0000-000000000002', 'Kiểm kê kho CNTT tháng 3', 'a0000000-0000-0000-0000-000000000004', 'in_progress', '2024-03-10 08:00:00', 'admin')
ON CONFLICT
(id) DO
UPDATE SET status = EXCLUDED.status;

-- ============================================================================
-- 10. INVENTORY ITEMS
-- ============================================================================
INSERT INTO inventory_items
    (id, session_id, asset_id, expected_location_id, scanned_location_id, scanned_at, status, note)
VALUES
    ('0c100000-0000-0000-0000-000000000001', '0c000000-0000-0000-0000-000000000001', 'a1000000-0000-0000-0000-000000000001', 'a0000000-0000-0000-0000-000000000001', 'a0000000-0000-0000-0000-000000000001', '2024-02-01 10:00:00', 'found', NULL),
    ('0c100000-0000-0000-0000-000000000002', '0c000000-0000-0000-0000-000000000001', 'a1000000-0000-0000-0000-000000000002', 'a0000000-0000-0000-0000-000000000001', 'a0000000-0000-0000-0000-000000000001', '2024-02-01 10:30:00', 'found', NULL),
    ('0c100000-0000-0000-0000-000000000003', '0c000000-0000-0000-0000-000000000001', 'a1000000-0000-0000-0000-000000000003', 'a0000000-0000-0000-0000-000000000001', 'a0000000-0000-0000-0000-000000000001', '2024-02-01 11:00:00', 'found', NULL),
    ('0c100000-0000-0000-0000-000000000004', '0c000000-0000-0000-0000-000000000001', 'a1000000-0000-0000-0000-000000000011', 'a0000000-0000-0000-0000-000000000003', 'a0000000-0000-0000-0000-000000000003', '2024-02-02 09:00:00', 'found', NULL),
    ('0c100000-0000-0000-0000-000000000005', '0c000000-0000-0000-0000-000000000002', 'a1000000-0000-0000-0000-000000000016', NULL, NULL, NULL, 'unknown', NULL),
    ('0c100000-0000-0000-0000-000000000006', '0c000000-0000-0000-0000-000000000002', 'a1000000-0000-0000-0000-000000000034', 'a0000000-0000-0000-0000-000000000006', 'a0000000-0000-0000-0000-000000000006', '2024-03-10 10:00:00', 'found', NULL)
ON CONFLICT
(id) DO NOTHING;

-- ============================================================================
-- 11. DEPRECIATION SETTINGS (key-value store)
-- ============================================================================
INSERT INTO depreciation_settings
    (id, setting_key, setting_value, value_type, description, organization_id, updated_by)
VALUES
    ('0d000000-0000-0000-0000-000000000001', 'default_method', 'straight_line', 'string',
        'Phương pháp khấu hao mặc định',
        'd0000000-0000-0000-0000-000000000001', '00000000-0000-0000-0000-000000000002'),
    ('0d000000-0000-0000-0000-000000000002', 'apply_full_month', 'true', 'boolean',
        'Áp dụng khấu hao đầy đủ tháng nhập',
        'd0000000-0000-0000-0000-000000000001', '00000000-0000-0000-0000-000000000002'),
    ('0d000000-0000-0000-0000-000000000003', 'default_currency', 'VND', 'string',
        'Đơn vị tiền tệ mặc định',
        'd0000000-0000-0000-0000-000000000001', '00000000-0000-0000-0000-000000000002')
ON CONFLICT
(setting_key, organization_id) DO
UPDATE SET setting_value = EXCLUDED.setting_value;

-- ============================================================================
-- 12. DEPRECIATION SCHEDULES
-- ============================================================================
INSERT INTO depreciation_schedules
    (id, asset_id, depreciation_method, original_cost, salvage_value,
    useful_life_years, start_date, end_date,
    monthly_depreciation, accumulated_depreciation, book_value,
    currency, status, organization_id, created_by, updated_by)
VALUES
    ('0d100000-0000-0000-0000-000000000001', 'a1000000-0000-0000-0000-000000000001', 'straight_line', 15000000, 500000, 3, '2023-01-15', '2026-01-15', 402778, 5235111, 9764889, 'VND', 'active', 'd0000000-0000-0000-0000-000000000001', '00000000-0000-0000-0000-000000000002', '00000000-0000-0000-0000-000000000002'),
    ('0d100000-0000-0000-0000-000000000002', 'a1000000-0000-0000-0000-000000000011', 'straight_line', 28000000, 1000000, 3, '2023-01-20', '2026-01-20', 750000, 9750000, 18250000, 'VND', 'active', 'd0000000-0000-0000-0000-000000000001', '00000000-0000-0000-0000-000000000002', '00000000-0000-0000-0000-000000000002'),
    ('0d100000-0000-0000-0000-000000000003', 'a1000000-0000-0000-0000-000000000034', 'straight_line', 180000000, 10000000, 5, '2022-01-01', '2027-01-01', 2833333, 52416666, 127583334, 'VND', 'active', 'd0000000-0000-0000-0000-000000000001', '00000000-0000-0000-0000-000000000002', '00000000-0000-0000-0000-000000000002'),
    ('0d100000-0000-0000-0000-000000000004', 'a1000000-0000-0000-0000-000000000016', 'straight_line', 45000000, 2000000, 5, '2022-03-01', '2027-03-01', 716667, 16783333, 28216667, 'VND', 'active', 'd0000000-0000-0000-0000-000000000001', '00000000-0000-0000-0000-000000000002', '00000000-0000-0000-0000-000000000002'),
    ('0d100000-0000-0000-0000-000000000005', 'a1000000-0000-0000-0000-000000000015', 'straight_line', 22000000, 0, 3, '2021-05-01', '2024-05-01', 611111, 22000000, 0, 'VND', 'fully_depreciated', 'd0000000-0000-0000-0000-000000000001', '00000000-0000-0000-0000-000000000002', '00000000-0000-0000-0000-000000000002'),
    ('0d100000-0000-0000-0000-000000000006', 'a1000000-0000-0000-0000-000000000020', 'straight_line', 95000000, 5000000, 5, '2022-03-01', '2027-03-01', 1500000, 35100000, 59900000, 'VND', 'active', 'd0000000-0000-0000-0000-000000000001', '00000000-0000-0000-0000-000000000002', '00000000-0000-0000-0000-000000000002'),
    ('0d100000-0000-0000-0000-000000000007', 'a1000000-0000-0000-0000-000000000041', 'straight_line', 38000000, 2000000, 5, '2022-01-01', '2027-01-01', 600000, 14400000, 23600000, 'VND', 'active', 'd0000000-0000-0000-0000-000000000001', '00000000-0000-0000-0000-000000000002', '00000000-0000-0000-0000-000000000002'),
    ('0d100000-0000-0000-0000-000000000008', 'a1000000-0000-0000-0000-000000000017', 'straight_line', 55000000, 3000000, 5, '2022-03-01', '2027-03-01', 866667, 20300000, 34700000, 'VND', 'active', 'd0000000-0000-0000-0000-000000000001', '00000000-0000-0000-0000-000000000002', '00000000-0000-0000-0000-000000000002'),
    ('0d100000-0000-0000-0000-000000000009', 'a1000000-0000-0000-0000-000000000003', 'straight_line', 12000000, 500000, 3, '2023-02-01', '2026-02-01', 319444, 3832222, 8167778, 'VND', 'active', 'd0000000-0000-0000-0000-000000000001', '00000000-0000-0000-0000-000000000002', '00000000-0000-0000-0000-000000000002'),
    ('0d100000-0000-0000-0000-000000000010', 'a1000000-0000-0000-0000-000000000035', 'straight_line', 120000000, 8000000, 5, '2022-01-01', '2027-01-01', 1866667, 34533333, 85466667, 'VND', 'active', 'd0000000-0000-0000-0000-000000000001', '00000000-0000-0000-0000-000000000002', '00000000-0000-0000-0000-000000000002')
ON CONFLICT
(asset_id) DO
UPDATE SET
    accumulated_depreciation = EXCLUDED.accumulated_depreciation,
    book_value               = EXCLUDED.book_value,
    status                   = EXCLUDED.status;

-- ============================================================================
-- 13. DEPRECIATION RUNS
-- ============================================================================
INSERT INTO depreciation_runs
    (id, period_year, period_month, run_type, status,
    entries_created, entries_posted, total_depreciation,
    organization_id, created_by)
VALUES
    ('0d200000-0000-0000-0000-000000000001', 2024, 1, 'monthly', 'completed', 10, 10, 7490001, 'd0000000-0000-0000-0000-000000000001', '00000000-0000-0000-0000-000000000002'),
    ('0d200000-0000-0000-0000-000000000002', 2024, 2, 'monthly', 'completed', 10, 10, 7490001, 'd0000000-0000-0000-0000-000000000001', '00000000-0000-0000-0000-000000000002'),
    ('0d200000-0000-0000-0000-000000000003', 2024, 3, 'monthly', 'completed', 9, 9, 6878890, 'd0000000-0000-0000-0000-000000000001', '00000000-0000-0000-0000-000000000002')
ON CONFLICT
(id) DO NOTHING;

-- ============================================================================
-- 14. DEPRECIATION ENTRIES
-- ============================================================================
INSERT INTO depreciation_entries
    (id, schedule_id, asset_id, period_year, period_month, period_start, period_end,
    depreciation_amount, accumulated_after, book_value_after, entry_date,
    is_posted, posted_at, posted_by)
VALUES
    ('de000000-0000-0000-0000-000000000001', '0d100000-0000-0000-0000-000000000001', 'a1000000-0000-0000-0000-000000000001', 2024, 1, '2024-01-01', '2024-01-31', 402778, 4429444, 10570556, '2024-01-31', true, '2024-02-01', '00000000-0000-0000-0000-000000000002'),
    ('de000000-0000-0000-0000-000000000002', '0d100000-0000-0000-0000-000000000002', 'a1000000-0000-0000-0000-000000000011', 2024, 1, '2024-01-01', '2024-01-31', 750000, 9000000, 19000000, '2024-01-31', true, '2024-02-01', '00000000-0000-0000-0000-000000000002'),
    ('de000000-0000-0000-0000-000000000003', '0d100000-0000-0000-0000-000000000003', 'a1000000-0000-0000-0000-000000000034', 2024, 1, '2024-01-01', '2024-01-31', 2833333, 49583333, 130416667, '2024-01-31', true, '2024-02-01', '00000000-0000-0000-0000-000000000002'),
    ('de000000-0000-0000-0000-000000000004', '0d100000-0000-0000-0000-000000000001', 'a1000000-0000-0000-0000-000000000001', 2024, 2, '2024-02-01', '2024-02-29', 402778, 4832222, 10167778, '2024-02-29', true, '2024-03-01', '00000000-0000-0000-0000-000000000002'),
    ('de000000-0000-0000-0000-000000000005', '0d100000-0000-0000-0000-000000000002', 'a1000000-0000-0000-0000-000000000011', 2024, 2, '2024-02-01', '2024-02-29', 750000, 9750000, 18250000, '2024-02-29', true, '2024-03-01', '00000000-0000-0000-0000-000000000002')
ON CONFLICT
(schedule_id, period_year, period_month) DO NOTHING;

-- ============================================================================
-- 15. DOCUMENTS
-- ============================================================================
INSERT INTO documents
    (id, type, title, approval_status, content_type, version, created_by)
VALUES
    ('0d400000-0000-0000-0000-000000000001', 'policy', 'Quy trình quản lý tài sản CNTT v2.0', 'approved', 'file', '2', '00000000-0000-0000-0000-000000000001'),
    ('0d400000-0000-0000-0000-000000000002', 'guide', 'Hướng dẫn bàn giao thiết bị', 'approved', 'file', '1', '00000000-0000-0000-0000-000000000002'),
    ('0d400000-0000-0000-0000-000000000003', 'form', 'Biên bản bàn giao tài sản', 'approved', 'file', '1', '00000000-0000-0000-0000-000000000002'),
    ('0d400000-0000-0000-0000-000000000004', 'report', 'Báo cáo kiểm kê Q1 2024', 'approved', 'file', '1', '00000000-0000-0000-0000-000000000002'),
    ('0d400000-0000-0000-0000-000000000005', 'policy', 'Chính sách bảo hành và sửa chữa thiết bị', 'draft', 'file', '1', '00000000-0000-0000-0000-000000000001')
ON CONFLICT
(id) DO NOTHING;

-- ============================================================================
-- 16. DOCUMENT FILES
-- ============================================================================
INSERT INTO document_files
    (id, document_id, storage_key, filename, size_bytes, mime_type)
VALUES
    ('0d500000-0000-0000-0000-000000000001', '0d400000-0000-0000-0000-000000000001', 'docs/policy/asset-mgmt-v2.pdf', 'asset-management-policy-v2.pdf', 524288, 'application/pdf'),
    ('0d500000-0000-0000-0000-000000000002', '0d400000-0000-0000-0000-000000000002', 'docs/guide/asset-handover.pdf', 'asset-handover-guide.pdf', 311296, 'application/pdf'),
    ('0d500000-0000-0000-0000-000000000003', '0d400000-0000-0000-0000-000000000004', 'docs/report/q1-2024-audit.xlsx', 'audit-q1-2024.xlsx', 204800, 'application/vnd.openxmlformats-officedocument.spreadsheetml.sheet')
ON CONFLICT
(id) DO NOTHING;

-- ============================================================================
-- 17. DOCUMENT RELATIONS
-- ============================================================================
INSERT INTO document_relations
    (document_id, relation_type, relation_id)
VALUES
    ('0d400000-0000-0000-0000-000000000004', 'audit_session', '0b000000-0000-0000-0000-000000000001'),
    ('0d400000-0000-0000-0000-000000000003', 'asset', 'a1000000-0000-0000-0000-000000000011')
ON CONFLICT
(document_id, relation_type, relation_id) DO NOTHING;

-- ============================================================================
-- 18. CMDB CI TYPE ATTR DEFS
-- ============================================================================
INSERT INTO cmdb_ci_type_attr_defs
    (id, version_id, key, label, field_type, required, sort_order)
VALUES
    ('0e000000-0000-0000-0000-000000000001', 'f1000000-0000-0000-0000-000000000003', 'cpu_model', 'CPU Model', 'string', false, 1),
    ('0e000000-0000-0000-0000-000000000002', 'f1000000-0000-0000-0000-000000000003', 'ram_gb', 'RAM (GB)', 'number', false, 2),
    ('0e000000-0000-0000-0000-000000000003', 'f1000000-0000-0000-0000-000000000003', 'os_version', 'OS Version', 'string', false, 3),
    ('0e000000-0000-0000-0000-000000000004', 'f1000000-0000-0000-0000-000000000002', 'port_count', 'Port Count', 'number', false, 1),
    ('0e000000-0000-0000-0000-000000000005', 'f1000000-0000-0000-0000-000000000002', 'firmware_version', 'Firmware Version', 'string', false, 2)
ON CONFLICT
(version_id, key) DO NOTHING;

-- ============================================================================
-- 19. CMDB CI ATTRIBUTE VALUES
-- ============================================================================
INSERT INTO cmdb_ci_attribute_values
    (id, ci_id, schema_id, attribute_key, value)
VALUES
    ('0e100000-0000-0000-0000-000000000001', 'f3000000-0000-0000-0000-000000000009', 'f2000000-0000-0000-0000-000000000001', 'port_count', '"24"'),
    ('0e100000-0000-0000-0000-000000000002', 'f3000000-0000-0000-0000-000000000009', 'f2000000-0000-0000-0000-000000000001', 'firmware_version', '"15.2(4)E10"'),
    ('0e100000-0000-0000-0000-000000000003', 'f3000000-0000-0000-0000-000000000010', 'f2000000-0000-0000-0000-000000000002', 'firmware_version', '"v7.0.14.1"'),
    ('0e100000-0000-0000-0000-000000000004', 'f3000000-0000-0000-0000-000000000003', 'f2000000-0000-0000-0000-000000000003', 'cpu_model', '"Xeon Gold 5317"'),
    ('0e100000-0000-0000-0000-000000000005', 'f3000000-0000-0000-0000-000000000003', 'f2000000-0000-0000-0000-000000000003', 'ram_gb', '128')
ON CONFLICT
(ci_id, attribute_key) DO NOTHING;

-- ============================================================================
-- 20. CMDB CI ATTR VALUES
-- ============================================================================
INSERT INTO cmdb_ci_attr_values
    (id, ci_id, schema_id, attr_key, value)
VALUES
    ('0e200000-0000-0000-0000-000000000001', 'f3000000-0000-0000-0000-000000000009', 'f2000000-0000-0000-0000-000000000001', 'port_count', '"24"'),
    ('0e200000-0000-0000-0000-000000000002', 'f3000000-0000-0000-0000-000000000003', 'f2000000-0000-0000-0000-000000000003', 'cpu_model', '"Xeon Gold 5317"')
ON CONFLICT
(ci_id, attr_key) DO NOTHING;

-- ============================================================================
-- 21. CMDB SERVICE MEMBERS
-- ============================================================================
INSERT INTO cmdb_service_members
    (id, service_id, ci_id, role)
VALUES
    ('0e300000-0000-0000-0000-000000000001', 'f6000000-0000-0000-0000-000000000001', 'f3000000-0000-0000-0000-000000000003', 'primary'),
    ('0e300000-0000-0000-0000-000000000002', 'f6000000-0000-0000-0000-000000000001', 'f3000000-0000-0000-0000-000000000009', 'dependency'),
    ('0e300000-0000-0000-0000-000000000003', 'f6000000-0000-0000-0000-000000000002', 'f3000000-0000-0000-0000-000000000010', 'dependency'),
    ('0e300000-0000-0000-0000-000000000004', 'f6000000-0000-0000-0000-000000000003', 'f3000000-0000-0000-0000-000000000012', 'primary')
ON CONFLICT
(id) DO NOTHING;

-- ============================================================================
-- 22. CMDB CHANGES
-- ============================================================================
INSERT INTO cmdb_changes
    (id, code, title, description, status, risk, primary_ci_id, requested_by, implemented_by)
VALUES
    ('0e400000-0000-0000-0000-000000000001', 'CC-2024-001', 'Cập nhật firmware Core Switch',
        'Nâng cấp firmware từ 15.2(4)E8 lên 15.2(4)E10', 'closed', 'medium',
        'f3000000-0000-0000-0000-000000000009', 'admin', 'it_admin'),
    ('0e400000-0000-0000-0000-000000000002', 'CC-2024-002', 'Nâng cấp RAM ESXi Host 01',
        'Tăng RAM từ 64GB lên 128GB', 'closed', 'low',
        'f3000000-0000-0000-0000-000000000003', 'admin', 'it_senior'),
    ('0e400000-0000-0000-0000-000000000003', 'CC-2024-003', 'Cập nhật policy Firewall',
        'Cập nhật ruleset từ v3.1 lên v3.2', 'implemented', 'medium',
        'f3000000-0000-0000-0000-000000000010', 'admin', 'it_senior')
ON CONFLICT
(code) DO
UPDATE SET status = EXCLUDED.status;

-- ============================================================================
-- 23. CMDB DISCOVERY RESULTS
-- ============================================================================
INSERT INTO cmdb_discovery_results
    (id, rule_id, discovered_data, status, confidence, ci_id)
VALUES
    ('0e500000-0000-0000-0000-000000000001', 'f9000000-0000-0000-0000-000000000001',
        '{"ip":"10.0.0.1","name":"SW-CORE-DC","mac":"aa:bb:cc:dd:ee:01","vendor":"Cisco"}',
        'confirmed', 0.98, 'f3000000-0000-0000-0000-000000000009'),
    ('0e500000-0000-0000-0000-000000000002', 'f9000000-0000-0000-0000-000000000001',
        '{"ip":"10.0.0.2","name":"FW-DC-01","mac":"aa:bb:cc:dd:ee:02","vendor":"Fortinet"}',
        'confirmed', 0.97, 'f3000000-0000-0000-0000-000000000010'),
    ('0e500000-0000-0000-0000-000000000003', 'f9000000-0000-0000-0000-000000000001',
        '{"ip":"10.0.1.50","name":"UNKNOWN","mac":"aa:bb:cc:dd:ee:99","vendor":"Unknown"}',
        'pending', 0.30, NULL)
ON CONFLICT
(id) DO NOTHING;

COMMIT;
