-- =============================================================================
-- SEED: ACCESSORIES / CONSUMABLES / COMPONENTS / LICENSES
-- Phụ thuộc vào: accessory_categories (ca...), accessory_manufacturers (cb...),
--                consumable_categories (cd...), consumable_manufacturers (ce...),
--                component_categories (d2...), component_manufacturers (d3...),
--                license_categories (c6...), users, locations, suppliers, warehouses
-- =============================================================================
BEGIN;

    -- ============================================================================
    -- 1. ACCESSORIES
    -- ============================================================================
    INSERT INTO accessories
        (id, accessory_code, name, model_number, category_id, manufacturer_id,
        total_quantity, available_quantity, min_quantity, unit_price, currency,
        supplier_id, location_id, status, organization_id, created_by, updated_by)
    VALUES
        ('ac200000-0000-0000-0000-000000000001', 'ACC-KB-001', 'Keyboard Logitech K380', 'K380', 'ca000000-0000-0000-0000-000000000001', 'cb000000-0000-0000-0000-000000000001', 20, 14, 5, 850000, 'VND', 'b1000000-0000-0000-0000-000000000001', 'a0000000-0000-0000-0000-000000000008', 'active', 'd0000000-0000-0000-0000-000000000001', '00000000-0000-0000-0000-000000000002', '00000000-0000-0000-0000-000000000002'),
        ('ac200000-0000-0000-0000-000000000002', 'ACC-MS-001', 'Mouse Logitech MX Master 3', 'MX-MASTER-3', 'ca000000-0000-0000-0000-000000000002', 'cb000000-0000-0000-0000-000000000001', 15, 10, 5, 1800000, 'VND', 'b1000000-0000-0000-0000-000000000001', 'a0000000-0000-0000-0000-000000000008', 'active', 'd0000000-0000-0000-0000-000000000001', '00000000-0000-0000-0000-000000000002', '00000000-0000-0000-0000-000000000002'),
        ('ac200000-0000-0000-0000-000000000003', 'ACC-HD-001', 'Headset Jabra Evolve 40', 'EVOLVE-40', 'ca000000-0000-0000-0000-000000000003', 'cb000000-0000-0000-0000-000000000003', 8, 5, 2, 1200000, 'VND', 'b1000000-0000-0000-0000-000000000002', 'a0000000-0000-0000-0000-000000000008', 'active', 'd0000000-0000-0000-0000-000000000001', '00000000-0000-0000-0000-000000000002', '00000000-0000-0000-0000-000000000002'),
        ('ac200000-0000-0000-0000-000000000004', 'ACC-CB-001', 'Cáp USB-C 1m Anker', 'A8462', 'ca000000-0000-0000-0000-000000000004', 'cb000000-0000-0000-0000-000000000004', 40, 32, 10, 120000, 'VND', 'b1000000-0000-0000-0000-000000000001', 'a0000000-0000-0000-0000-000000000008', 'active', 'd0000000-0000-0000-0000-000000000001', '00000000-0000-0000-0000-000000000002', '00000000-0000-0000-0000-000000000002'),
        ('ac200000-0000-0000-0000-000000000005', 'ACC-BG-001', 'Túi laptop 15.6" Targus', 'TBT-01', 'ca000000-0000-0000-0000-000000000005', 'cb000000-0000-0000-0000-000000000005', 12, 9, 3, 450000, 'VND', 'b1000000-0000-0000-0000-000000000002', 'a0000000-0000-0000-0000-000000000008', 'active', 'd0000000-0000-0000-0000-000000000001', '00000000-0000-0000-0000-000000000002', '00000000-0000-0000-0000-000000000002'),
        ('ac200000-0000-0000-0000-000000000006', 'ACC-CH-001', 'Bộ sạc USB-C 65W Anker', 'A2667', 'ca000000-0000-0000-0000-000000000006', 'cb000000-0000-0000-0000-000000000004', 10, 7, 3, 650000, 'VND', 'b1000000-0000-0000-0000-000000000001', 'a0000000-0000-0000-0000-000000000008', 'active', 'd0000000-0000-0000-0000-000000000001', '00000000-0000-0000-0000-000000000002', '00000000-0000-0000-0000-000000000002'),
        ('ac200000-0000-0000-0000-000000000007', 'ACC-KB-002', 'Keyboard Razer BlackWidow', 'BWV3', 'ca000000-0000-0000-0000-000000000001', 'cb000000-0000-0000-0000-000000000002', 5, 3, 2, 2500000, 'VND', 'b1000000-0000-0000-0000-000000000002', 'a0000000-0000-0000-0000-000000000008', 'active', 'd0000000-0000-0000-0000-000000000001', '00000000-0000-0000-0000-000000000002', '00000000-0000-0000-0000-000000000002'),
        ('ac200000-0000-0000-0000-000000000008', 'ACC-MS-002', 'Mouse Microsoft Arc', 'ARC-2023', 'ca000000-0000-0000-0000-000000000002', 'cb000000-0000-0000-0000-000000000005', 8, 6, 2, 1350000, 'VND', 'b1000000-0000-0000-0000-000000000002', 'a0000000-0000-0000-0000-000000000008', 'active', 'd0000000-0000-0000-0000-000000000001', '00000000-0000-0000-0000-000000000002', '00000000-0000-0000-0000-000000000002'),
        ('ac200000-0000-0000-0000-000000000009', 'ACC-CB-002', 'Cáp HDMI 2.0 2m Anker', 'A8462H', 'ca000000-0000-0000-0000-000000000004', 'cb000000-0000-0000-0000-000000000004', 25, 20, 5, 180000, 'VND', 'b1000000-0000-0000-0000-000000000001', 'a0000000-0000-0000-0000-000000000008', 'active', 'd0000000-0000-0000-0000-000000000001', '00000000-0000-0000-0000-000000000002', '00000000-0000-0000-0000-000000000002'),
        ('ac200000-0000-0000-0000-000000000010', 'ACC-HD-002', 'Headset Jabra Evolve 65', 'EVOLVE-65', 'ca000000-0000-0000-0000-000000000003', 'cb000000-0000-0000-0000-000000000003', 4, 2, 1, 2800000, 'VND', 'b1000000-0000-0000-0000-000000000002', 'a0000000-0000-0000-0000-000000000008', 'active', 'd0000000-0000-0000-0000-000000000001', '00000000-0000-0000-0000-000000000002', '00000000-0000-0000-0000-000000000002')
    ON CONFLICT
    (accessory_code) DO
    UPDATE SET
    available_quantity = EXCLUDED.available_quantity,
    status             = EXCLUDED.status;

    -- ============================================================================
    -- 2. ACCESSORY CHECKOUTS
    -- ============================================================================
    INSERT INTO accessory_checkouts
        (id, accessory_id, quantity, quantity_returned, assignment_type,
        assigned_user_id, checkout_date, expected_checkin_date,
        checked_out_by, status, checkout_notes)
    VALUES
        ('ac300000-0000-0000-0000-000000000001', 'ac200000-0000-0000-0000-000000000001', 2, 0, 'user', '00000000-0000-0000-0000-000000000006', '2024-01-10', '2024-12-31', '00000000-0000-0000-0000-000000000002', 'checked_out', 'Keyboard cho kỹ sư CNTT'),
        ('ac300000-0000-0000-0000-000000000002', 'ac200000-0000-0000-0000-000000000002', 1, 0, 'user', '00000000-0000-0000-0000-000000000002', '2024-01-10', '2024-12-31', '00000000-0000-0000-0000-000000000002', 'checked_out', 'Mouse IT Manager'),
        ('ac300000-0000-0000-0000-000000000003', 'ac200000-0000-0000-0000-000000000003', 1, 1, 'user', '00000000-0000-0000-0000-000000000004', '2024-02-01', '2024-03-01', '00000000-0000-0000-0000-000000000002', 'returned', 'Headset cho helpdesk - đã trả'),
        ('ac300000-0000-0000-0000-000000000004', 'ac200000-0000-0000-0000-000000000006', 2, 0, 'user', '00000000-0000-0000-0000-000000000007', '2024-03-01', '2024-12-31', '00000000-0000-0000-0000-000000000002', 'checked_out', 'Sạc cho nhân viên mới'),
        ('ac300000-0000-0000-0000-000000000005', 'ac200000-0000-0000-0000-000000000009', 3, 0, 'user', '00000000-0000-0000-0000-000000000005', '2024-01-15', '2024-12-31', '00000000-0000-0000-0000-000000000002', 'checked_out', 'Cáp HDMI phòng kế toán')
    ON CONFLICT
    (id) DO
    UPDATE SET status = EXCLUDED.status;

    -- ============================================================================
    -- 3. ACCESSORY STOCK ADJUSTMENTS
    -- ============================================================================
    INSERT INTO accessory_stock_adjustments
        (id, accessory_id, adjustment_type, quantity_change, quantity_before,
        quantity_after, reason, reference_number, performed_by)
    VALUES
        ('ac400000-0000-0000-0000-000000000001', 'ac200000-0000-0000-0000-000000000001', 'purchase', 20, 0, 20, 'Nhập kho đầu năm 2024', 'PO-KB-2024-001', '00000000-0000-0000-0000-000000000002'),
        ('ac400000-0000-0000-0000-000000000002', 'ac200000-0000-0000-0000-000000000004', 'purchase', 40, 0, 40, 'Nhập hàng tiêu hao - cáp USB-C', 'PO-CABLE-2024-001', '00000000-0000-0000-0000-000000000002'),
        ('ac400000-0000-0000-0000-000000000003', 'ac200000-0000-0000-0000-000000000001', 'transfer_out', -6, 20, 14, 'Cấp phát 6 keyboard tháng 1', NULL, '00000000-0000-0000-0000-000000000002')
    ON CONFLICT
    (id) DO NOTHING;

-- ============================================================================
-- 4. ACCESSORY AUDIT LOGS
-- ============================================================================
INSERT INTO accessory_audit_logs
    (id, accessory_id, action, new_value, notes, performed_by)
VALUES
    ('ac500000-0000-0000-0000-000000000001', 'ac200000-0000-0000-0000-000000000001', 'created', '{"accessory_code":"ACC-KB-001","qty":20}', 'Tạo mới phụ kiện keyboard', '00000000-0000-0000-0000-000000000002'),
    ('ac500000-0000-0000-0000-000000000002', 'ac200000-0000-0000-0000-000000000003', 'checkout', '{"user":"helpdesk","qty":1}', 'Checkout headset', '00000000-0000-0000-0000-000000000002')
ON CONFLICT
(id) DO NOTHING;

-- ============================================================================
-- 5. CONSUMABLES
-- ============================================================================
INSERT INTO consumables
    (id, consumable_code, name, model_number, category_id, manufacturer_id,
    quantity, min_quantity, unit_price, currency, supplier_id,
    location_id, status, organization_id, created_by, updated_by)
VALUES
    ('b2000000-0000-0000-0000-000000000001', 'CON-TONER-001', 'Mực in Brother TN-2380', 'TN-2380', 'cd000000-0000-0000-0000-000000000001', 'ce000000-0000-0000-0000-000000000001', 20, 5, 350000, 'VND', 'b1000000-0000-0000-0000-000000000001', 'a0000000-0000-0000-0000-000000000008', 'active', 'd0000000-0000-0000-0000-000000000001', 'kho_truong', 'kho_truong'),
    ('b2000000-0000-0000-0000-000000000002', 'CON-TONER-002', 'Mực in HP CE278A', 'CE278A', 'cd000000-0000-0000-0000-000000000001', 'ce000000-0000-0000-0000-000000000002', 15, 3, 420000, 'VND', 'b1000000-0000-0000-0000-000000000001', 'a0000000-0000-0000-0000-000000000008', 'active', 'd0000000-0000-0000-0000-000000000001', 'kho_truong', 'kho_truong'),
    ('b2000000-0000-0000-0000-000000000003', 'CON-PAPER-001', 'Giấy A4 Double A 70gsm', 'A4-70G', 'cd000000-0000-0000-0000-000000000002', 'ce000000-0000-0000-0000-000000000003', 50, 10, 65000, 'VND', 'b1000000-0000-0000-0000-000000000002', 'a0000000-0000-0000-0000-000000000008', 'active', 'd0000000-0000-0000-0000-000000000001', 'kho_truong', 'kho_truong'),
    ('b2000000-0000-0000-0000-000000000004', 'CON-TAPE-001', 'Băng keo trong 48mm Nitto', 'NT-48', 'cd000000-0000-0000-0000-000000000003', 'ce000000-0000-0000-0000-000000000004', 30, 10, 25000, 'VND', 'b1000000-0000-0000-0000-000000000002', 'a0000000-0000-0000-0000-000000000008', 'active', 'd0000000-0000-0000-0000-000000000001', 'kho_truong', 'kho_truong'),
    ('b2000000-0000-0000-0000-000000000005', 'CON-INK-001', 'Mực in Canon PG-745', 'PG-745', 'cd000000-0000-0000-0000-000000000004', 'ce000000-0000-0000-0000-000000000004', 10, 3, 180000, 'VND', 'b1000000-0000-0000-0000-000000000001', 'a0000000-0000-0000-0000-000000000008', 'active', 'd0000000-0000-0000-0000-000000000001', 'kho_truong', 'kho_truong'),
    ('b2000000-0000-0000-0000-000000000006', 'CON-PACK-001', 'Túi bubble wrap 60cm', 'BW-60', 'cd000000-0000-0000-0000-000000000005', 'ce000000-0000-0000-0000-000000000003', 100, 20, 5000, 'VND', 'b1000000-0000-0000-0000-000000000002', 'a0000000-0000-0000-0000-000000000008', 'active', 'd0000000-0000-0000-0000-000000000001', 'kho_truong', 'kho_truong'),
    ('b2000000-0000-0000-0000-000000000007', 'CON-TONER-003', 'Mực in Samsung MLT-D111', 'MLT-D111S', 'cd000000-0000-0000-0000-000000000001', 'ce000000-0000-0000-0000-000000000002', 8, 2, 280000, 'VND', 'b1000000-0000-0000-0000-000000000001', 'a0000000-0000-0000-0000-000000000008', 'active', 'd0000000-0000-0000-0000-000000000001', 'kho_truong', 'kho_truong'),
    ('b2000000-0000-0000-0000-000000000008', 'CON-PAPER-002', 'Giấy dán nhãn A4', 'LABEL-A4', 'cd000000-0000-0000-0000-000000000002', 'ce000000-0000-0000-0000-000000000003', 30, 5, 45000, 'VND', 'b1000000-0000-0000-0000-000000000002', 'a0000000-0000-0000-0000-000000000008', 'active', 'd0000000-0000-0000-0000-000000000001', 'kho_truong', 'kho_truong')
ON CONFLICT
(consumable_code) DO
UPDATE SET
    quantity = EXCLUDED.quantity,
    status   = EXCLUDED.status;

-- ============================================================================
-- 6. CONSUMABLE RECEIPTS
-- ============================================================================
INSERT INTO consumable_receipts
    (id, consumable_id, quantity, receipt_type, purchase_order, unit_cost,
    receipt_date, supplier_id, received_by, notes)
VALUES
    ('b2100000-0000-0000-0000-000000000001', 'b2000000-0000-0000-0000-000000000001', 20, 'purchase', 'PO-2024-001', 350000, '2024-01-05', 'b1000000-0000-0000-0000-000000000001', 'Nguyễn Văn Kho', 'Nhập mực Brother đầu năm'),
    ('b2100000-0000-0000-0000-000000000002', 'b2000000-0000-0000-0000-000000000003', 50, 'purchase', 'PO-2024-002', 65000, '2024-01-05', 'b1000000-0000-0000-0000-000000000002', 'Nguyễn Văn Kho', 'Nhập giấy A4 đầu năm'),
    ('b2100000-0000-0000-0000-000000000003', 'b2000000-0000-0000-0000-000000000002', 15, 'purchase', 'PO-2024-003', 420000, '2024-02-01', 'b1000000-0000-0000-0000-000000000001', 'Nguyễn Văn Kho', 'Nhập mực HP LaserJet')
ON CONFLICT
(id) DO NOTHING;

-- ============================================================================
-- 7. CONSUMABLE ISSUES
-- ============================================================================
INSERT INTO consumable_issues
    (id, consumable_id, quantity, issue_type, issued_to_user_id, issued_to_department,
    issued_to_asset_id, issue_date, issued_by, notes)
VALUES
    ('b2200000-0000-0000-0000-000000000001', 'b2000000-0000-0000-0000-000000000001', 2, 'asset', NULL, 'Kế toán', 'a1000000-0000-0000-0000-000000000029', '2024-01-20', 'Nguyễn Văn Kho', 'Thay mực máy in PR-001'),
    ('b2200000-0000-0000-0000-000000000002', 'b2000000-0000-0000-0000-000000000003', 5, 'department', NULL, 'Văn phòng', NULL, '2024-01-20', 'Nguyễn Văn Kho', 'Giấy văn phòng tháng 1'),
    ('b2200000-0000-0000-0000-000000000003', 'b2000000-0000-0000-0000-000000000002', 1, 'asset', NULL, 'Văn phòng', 'a1000000-0000-0000-0000-000000000030', '2024-02-10', 'Nguyễn Văn Kho', 'Thay mực máy in PR-002')
ON CONFLICT
(id) DO NOTHING;

-- ============================================================================
-- 8. CONSUMABLE AUDIT LOGS
-- ============================================================================
INSERT INTO consumable_audit_logs
    (id, entity_type, entity_id, action, changes, performed_by)
VALUES
    ('b2300000-0000-0000-0000-000000000001', 'consumable', 'b2000000-0000-0000-0000-000000000001', 'receipt_created', '{"qty":20,"cost":350000}', 'kho_truong'),
    ('b2300000-0000-0000-0000-000000000002', 'consumable', 'b2000000-0000-0000-0000-000000000001', 'issued', '{"qty":2,"to":"Kế toán"}', 'kho_truong')
ON CONFLICT
(id) DO NOTHING;
-- ============================================================================
-- 13. LICENSES
-- ============================================================================
INSERT INTO licenses
    (id, license_code, software_name, category_id, license_type,
    seat_count, expiry_date, unit_price, currency, product_key,
    supplier_id, status, organization_id, created_by)
VALUES
    ('b4000000-0000-0000-0000-000000000001', 'LIC-WIN-001', 'Microsoft Windows 11 Pro', 'c6000000-0000-0000-0000-000000000001', 'per_seat', 50, '2025-12-31', 2000000, 'VND', 'XXXXX-XXXXX-XXXXX-00001', 'b1000000-0000-0000-0000-000000000001', 'active', 'd0000000-0000-0000-0000-000000000001', 'admin'),
    ('b4000000-0000-0000-0000-000000000002', 'LIC-O365-001', 'Microsoft Office 365 Business', 'c6000000-0000-0000-0000-000000000002', 'per_user', 30, '2025-01-31', 2000000, 'VND', NULL, 'b1000000-0000-0000-0000-000000000001', 'active', 'd0000000-0000-0000-0000-000000000001', 'admin'),
    ('b4000000-0000-0000-0000-000000000003', 'LIC-AV-001', 'Kaspersky Endpoint Security', 'c6000000-0000-0000-0000-000000000003', 'per_seat', 50, '2025-06-30', 800000, 'VND', NULL, 'b1000000-0000-0000-0000-000000000002', 'active', 'd0000000-0000-0000-0000-000000000001', 'admin'),
    ('b4000000-0000-0000-0000-000000000004', 'LIC-VS-001', 'JetBrains All Products Pack', 'c6000000-0000-0000-0000-000000000004', 'per_user', 5, '2025-03-31', 9000000, 'VND', NULL, 'b1000000-0000-0000-0000-000000000001', 'active', 'd0000000-0000-0000-0000-000000000001', 'admin'),
    ('b4000000-0000-0000-0000-000000000005', 'LIC-DB-001', 'PostgreSQL Commercial Support', 'c6000000-0000-0000-0000-000000000005', 'unlimited', 1, '2026-12-31', 15000000, 'VND', NULL, NULL, 'active', 'd0000000-0000-0000-0000-000000000001', 'admin'),
    ('b4000000-0000-0000-0000-000000000006', 'LIC-VM-001', 'VMware vSphere 8 Essentials', 'c6000000-0000-0000-0000-000000000006', 'unlimited', 3, NULL, 45000000, 'VND', 'XXXXX-XXXXX-XXXXX-00006', 'b1000000-0000-0000-0000-000000000001', 'active', 'd0000000-0000-0000-0000-000000000001', 'admin'),
    ('b4000000-0000-0000-0000-000000000007', 'LIC-WIN-002', 'Windows Server 2022 Standard', 'c6000000-0000-0000-0000-000000000001', 'per_seat', 16, NULL, 28000000, 'VND', 'XXXXX-XXXXX-XXXXX-00007', 'b1000000-0000-0000-0000-000000000001', 'active', 'd0000000-0000-0000-0000-000000000001', 'admin'),
    ('b4000000-0000-0000-0000-000000000008', 'LIC-AV-002', 'Kaspersky Endpoint OLD', 'c6000000-0000-0000-0000-000000000003', 'per_seat', 30, '2023-12-31', 700000, 'VND', NULL, 'b1000000-0000-0000-0000-000000000002', 'expired', 'd0000000-0000-0000-0000-000000000001', 'admin')
ON CONFLICT
(license_code) DO
UPDATE SET
    status      = EXCLUDED.status,
    expiry_date = EXCLUDED.expiry_date;

-- ============================================================================
-- 14. LICENSE SEATS
-- ============================================================================
INSERT INTO license_seats
    (id, license_id, assignment_type, assigned_user_id, assigned_asset_id,
    assigned_at, assigned_by)
VALUES
    ('b4100000-0000-0000-0000-000000000001', 'b4000000-0000-0000-0000-000000000001', 'user', '00000000-0000-0000-0000-000000000002', NULL, '2023-01-20', 'admin'),
    ('b4100000-0000-0000-0000-000000000002', 'b4000000-0000-0000-0000-000000000001', 'user', '00000000-0000-0000-0000-000000000006', NULL, '2023-01-25', 'admin'),
    ('b4100000-0000-0000-0000-000000000003', 'b4000000-0000-0000-0000-000000000002', 'user', '00000000-0000-0000-0000-000000000002', NULL, '2023-01-20', 'admin'),
    ('b4100000-0000-0000-0000-000000000004', 'b4000000-0000-0000-0000-000000000002', 'user', '00000000-0000-0000-0000-000000000005', NULL, '2023-01-20', 'admin'),
    ('b4100000-0000-0000-0000-000000000005', 'b4000000-0000-0000-0000-000000000003', 'asset', NULL, 'a1000000-0000-0000-0000-000000000001', '2023-02-01', 'admin'),
    ('b4100000-0000-0000-0000-000000000006', 'b4000000-0000-0000-0000-000000000004', 'user', '00000000-0000-0000-0000-000000000006', NULL, '2023-03-01', 'admin')
ON CONFLICT
(id) DO NOTHING;

-- ============================================================================
-- 15. LICENSE AUDIT LOGS
-- ============================================================================
INSERT INTO license_audit_logs
    (id, license_id, action, actor_user_id, new_values)
VALUES
    ('b4200000-0000-0000-0000-000000000001', 'b4000000-0000-0000-0000-000000000001', 'created', 'admin', '{"seat_count":50,"expiry":"2025-12-31"}'),
    ('b4200000-0000-0000-0000-000000000002', 'b4000000-0000-0000-0000-000000000008', 'expired', NULL, '{"expired_date":"2023-12-31","old_status":"active","new_status":"expired"}'),
    ('b4200000-0000-0000-0000-000000000003', 'b4000000-0000-0000-0000-000000000002', 'seat_assigned', 'admin', '{"user":"admin","seat_id":"b4100000-003"}')
ON CONFLICT
(id) DO NOTHING;

COMMIT;
