-- =============================================================================
-- SEED: ALERTS, NOTIFICATIONS, INTEGRATIONS, SCHEDULING, SESSIONS, RBAC, OPS
-- =============================================================================
BEGIN;

    -- ============================================================================
    -- 1. ALERT RULES
    -- rule_type CHECK: 'license'/'warranty'/'stock'/'checkout'/'depreciation'/'custom'
    -- channel CHECK: 'email'/'in_app'/'both'
    -- frequency CHECK: 'once'/'daily'/'weekly'
    -- created_by: UUID
    -- rule_code: auto-generated by trigger, do not include
    -- ============================================================================
    INSERT INTO alert_rules
        (id, name, description, rule_type, is_active,
        condition_field, condition_operator, condition_value,
        severity, recipients, cooldown_hours, channel, frequency, created_by)
    VALUES
        ('30000000-0000-0000-0000-000000000001', 'Bao tri den han', 'Canh bao khi tai san den han bao tri trong 7 ngay',
            'warranty', true, 'next_maintenance_date', 'lte_today_plus_days', '{"days":7}'
    ::jsonb,
     'warning','["role:it_staff","user:00000000-0000-0000-0000-000000000002"]'::jsonb,
     24,'both','daily','00000000-0000-0000-0000-000000000002'),
    ('30000000-0000-0000-0000-000000000002','Bao hanh sap het han','Canh bao khi bao hanh het trong 30 ngay',
     'warranty',true,'warranty_expiry','lte_today_plus_days','{"days":30}'::jsonb,
     'warning','["role:it_manager"]'::jsonb,
     168,'email','weekly','00000000-0000-0000-0000-000000000002'),
    ('30000000-0000-0000-0000-000000000003','Ton kho phu tung thap','Canh bao khi so luong duoi muc an toan',
     'stock',true,'spare_part_stock.qty_available','lt_reorder_point','{"compare":"reorder_point"}'::jsonb,
     'critical','["role:warehouse_staff"]'::jsonb,
     1,'both','daily','00000000-0000-0000-0000-000000000002'),
    ('30000000-0000-0000-0000-000000000004','Kiem ke phat hien mat','Canh bao khi kiem ke phat hien tai san mat',
     'custom',true,'audit_items.audit_status','eq','{"value":"missing"}'::jsonb,
     'critical','["role:it_manager","role:admin"]'::jsonb,
     0,'both','once','00000000-0000-0000-0000-000000000002'),
    ('30000000-0000-0000-0000-000000000005','Ban quyen sap het han','Canh bao khi license het han trong 14 ngay',
     'license',true,'license_expiry_date','lte_today_plus_days','{"days":14}'::jsonb,
     'critical','["role:it_manager","role:admin"]'::jsonb,
     168,'email','daily','00000000-0000-0000-0000-000000000002')
ON CONFLICT
    (id) DO NOTHING;

-- ============================================================================
-- 2. ALERT HISTORY
-- delivery_status CHECK: 'pending'/'sent'/'partial'/'failed'
-- trigger_data jsonb NOT NULL, title NOT NULL, message NOT NULL, severity NOT NULL
-- No alert_code, status, resolved_at, resolved_by, asset_id, metadata columns
-- ============================================================================
INSERT INTO alert_history
    (id, rule_id, triggered_at, trigger_data, affected_count,
    title, message, severity, delivery_status, is_acknowledged,
    acknowledged_by, acknowledged_at)
VALUES
    ('31000000-0000-0000-0000-000000000001',
        '30000000-0000-0000-0000-000000000001',
        '2024-03-03 08:00:00',
        '{"next_maintenance":"2024-03-10","asset_code":"PC-HP-001"}'
::jsonb,1,
     'Bao tri den han: PC-HP-001',
     'May tinh PC-HP-001 den han bao tri ngay 2024-03-10',
     'warning','sent',true,
     '00000000-0000-0000-0000-000000000006','2024-03-10 14:00:00'),
('31000000-0000-0000-0000-000000000002',
     '30000000-0000-0000-0000-000000000003',
     '2024-02-20 10:00:00',
     '{"part_code":"RAM-DDR4-16G","current_qty":2,"reorder_point":5}'::jsonb,1,
     'Ton kho thap: RAM DDR4 16GB',
     'So luong RAM DDR4 16GB con lai 2, duoi muc an toan 5',
     'critical','sent',true,
     '00000000-0000-0000-0000-000000000003','2024-03-01 12:00:00'),
('31000000-0000-0000-0000-000000000003',
     '30000000-0000-0000-0000-000000000002',
     '2024-04-01 08:00:00',
     '{"warranty_expiry":"2024-04-26","asset_code":"SRV-HP-001"}'::jsonb,1,
     'Bao hanh sap het: Server HP DL380',
     'Server HP ProLiant DL380 Gen10 het bao hanh trong 25 ngay',
     'warning','pending',false,NULL,NULL)
ON CONFLICT
(id) DO NOTHING;

-- ============================================================================
-- 3. ALERT DEDUP
-- PK is dedup_key (text), no id column, no rule_id
-- Columns: dedup_key, last_sent_at, count
-- ============================================================================
INSERT INTO alert_dedup
    (dedup_key, last_sent_at, count)
VALUES
    ('spare_parts:c1000000-0000-0000-0000-000000000001:low', '2024-02-20 10:00:00', 1),
    ('assets:a1000000-0000-0000-0000-000000000034:warranty', '2024-04-01 08:00:00', 1),
    ('maintenance:a1000000-0000-0000-0000-000000000001:due', '2024-03-03 08:00:00', 1)
ON CONFLICT
(dedup_key) DO
UPDATE SET count = alert_dedup.count + 1;

-- ============================================================================
-- 4. ALERT SUBSCRIPTIONS (requires channels from seed-chat-ai.sql)
-- enabled (not is_active)
-- ============================================================================
INSERT INTO alert_subscriptions
    (id, user_id, channel_id, target_chat_id, alert_types, severity_min, enabled)
VALUES
    ('33000000-0000-0000-0000-000000000001',
        '00000000-0000-0000-0000-000000000002',
        '1d000000-0000-0000-0000-000000000001', 'tg_chat_100001',
        ARRAY
['maintenance','stock_low','warranty_expiry'],'warning',true),
('33000000-0000-0000-0000-000000000002',
     '00000000-0000-0000-0000-000000000006',
     '1d000000-0000-0000-0000-000000000001','tg_chat_100002',
     ARRAY['maintenance'],'critical',true),
('33000000-0000-0000-0000-000000000003',
     '00000000-0000-0000-0000-000000000003',
     '1d000000-0000-0000-0000-000000000002','warehouse-email@company.com',
     ARRAY['stock_low'],'critical',true)
ON CONFLICT
(id) DO NOTHING;

-- ============================================================================
-- 5. USER ALERT PREFERENCES
-- Columns: user_id, email_enabled, in_app_enabled, digest_frequency, 
--          email_min_severity, digest_time, digest_day, muted_rules
-- digest_frequency CHECK: 'immediate'/'daily'/'weekly'
-- email_min_severity CHECK: 'info'/'warning'/'critical'
-- No push_enabled, telegram_enabled, quiet_hours, timezone, severity_min
-- ============================================================================
INSERT INTO user_alert_preferences
    (id, user_id, email_enabled, in_app_enabled, digest_frequency,
    digest_time, email_min_severity)
VALUES
    ('34000000-0000-0000-0000-000000000001',
        '00000000-0000-0000-0000-000000000001',
        true, true, 'daily', '09:00:00', 'warning'),
    ('34000000-0000-0000-0000-000000000002',
        '00000000-0000-0000-0000-000000000002',
        true, true, 'immediate', '09:00:00', 'info'),
    ('34000000-0000-0000-0000-000000000003',
        '00000000-0000-0000-0000-000000000003',
        true, true, 'daily', '09:00:00', 'warning'),
    ('34000000-0000-0000-0000-000000000004',
        '00000000-0000-0000-0000-000000000005',
        false, true, 'weekly', '09:00:00', 'critical'),
    ('34000000-0000-0000-0000-000000000005',
        '00000000-0000-0000-0000-000000000006',
        true, true, 'immediate', '09:00:00', 'info')
ON CONFLICT
(id) DO NOTHING;

-- ============================================================================
-- 6. NOTIFICATION RULES
-- channel CHECK: 'ui'/'email'/'slack'/'teams'/'webhook' (single channel string)
-- event_type CHECK: 'warranty_expiring'/'maintenance_due'/'status_changed'/
--   'asset_assigned'/'asset_returned'/'workflow_approved'/'workflow_rejected'/
--   'threshold_exceeded'/'custom'
-- recipients: jsonb
-- No condition column, no channels array, no created_by
-- ============================================================================
INSERT INTO notification_rules
    (id, name, event_type, channel, recipients, template, is_active)
VALUES
    ('35000000-0000-0000-0000-000000000001',
        'Thong bao ban giao tai san', 'asset_assigned', 'ui',
        '["role:assignee"]'
::jsonb,
     'Tai san {{asset_code}} da duoc ban giao cho ban',true),
('35000000-0000-0000-0000-000000000002',
     'Thong bao yeu cau duoc duyet','workflow_approved','email',
     '["role:requester"]'::jsonb,
     'Yeu cau tai san cua ban da duoc phe duyet',true),
('35000000-0000-0000-0000-000000000003',
     'Thong bao bao tri hoan thanh','maintenance_due','ui',
     '["role:assignee"]'::jsonb,
     'Phieu bao tri {{ticket_code}} da hoan thanh',true),
('35000000-0000-0000-0000-000000000004',
     'Nhac nho kiem ke dinh ky','custom','email',
     '["role:it_manager"]'::jsonb,
     'Kiem ke dinh ky sap bat dau trong 3 ngay',true)
ON CONFLICT
(id) DO NOTHING;

-- ============================================================================
-- 7. NOTIFICATIONS
-- user_id: VARCHAR(100), body (not message), channel default 'ui'
-- status CHECK: 'pending'/'sent'/'read'/'failed'
-- rule_id FK  notification_rules (optional)
-- No type, entity_type, entity_id, message columns
-- ============================================================================
INSERT INTO notifications
    (id, user_id, rule_id, title, body, channel, status, read_at, created_at)
VALUES
    ('36000000-0000-0000-0000-000000000001',
        '00000000-0000-0000-0000-000000000005',
        '35000000-0000-0000-0000-000000000001',
        'Ban giao tai san moi',
        'Laptop Dell LAP-DELL-001 da duoc ban giao cho ban',
        'ui', 'read', '2024-01-22 09:00:00', '2024-01-20 14:30:00'),
    ('36000000-0000-0000-0000-000000000002',
        '00000000-0000-0000-0000-000000000002',
        '35000000-0000-0000-0000-000000000002',
        'Yeu cau tai san moi',
        'Co yeu cau mua laptop moi can phe duyet',
        'ui', 'read', '2024-02-05 10:20:00', '2024-02-05 09:00:00'),
    ('36000000-0000-0000-0000-000000000003',
        '00000000-0000-0000-0000-000000000006',
        '35000000-0000-0000-0000-000000000002',
        'Yeu cau duoc phe duyet',
        'Yeu cau tai san cua ban da duoc phe duyet',
        'ui', 'read', '2024-02-07 08:00:00', '2024-02-06 15:30:00'),
    ('36000000-0000-0000-0000-000000000004',
        '00000000-0000-0000-0000-000000000006',
        '35000000-0000-0000-0000-000000000003',
        'Bao tri hoan thanh',
        'Phieu bao tri MT-2024-001 da hoan thanh',
        'ui', 'read', '2024-03-15 09:00:00', '2024-03-14 16:00:00'),
    ('36000000-0000-0000-0000-000000000005',
        '00000000-0000-0000-0000-000000000002',
        NULL,
        'Canh bao ton kho thap',
        'RAM DDR4 16GB chi con 2 cai, duoi muc an toan (5)',
        'ui', 'pending', NULL, '2024-04-10 08:00:00'),
    ('36000000-0000-0000-0000-000000000006',
        '00000000-0000-0000-0000-000000000001',
        '35000000-0000-0000-0000-000000000004',
        'Sap den ky kiem ke',
        'Kiem ke CNTT thang 4 bat dau trong 3 ngay',
        'ui', 'read', '2024-03-30 10:00:00', '2024-03-29 08:00:00'),
    ('36000000-0000-0000-0000-000000000007',
        '00000000-0000-0000-0000-000000000002',
        NULL,
        'Bao hanh sap het',
        'Server HP DL380 het bao hanh trong 25 ngay',
        'ui', 'sent', NULL, '2024-04-01 08:00:00')
ON CONFLICT
(id) DO NOTHING;

-- ============================================================================
-- 8. INTEGRATION CONNECTORS
-- provider CHECK: 'servicenow'/'jira'/'slack'/'teams'/'aws'/'azure'/
--   'email'/'webhook'/'csv_import'/'api_generic'
-- health_status CHECK: 'healthy'/'degraded'/'error'/'unknown'
-- created_by: varchar(100)
-- No description, connector_type, status columns
-- ============================================================================
INSERT INTO integration_connectors
    (id, name, provider, config, is_active, health_status, created_by)
VALUES
    ('37000000-0000-0000-0000-000000000001',
        'Active Directory Sync', 'webhook',
        '{"host":"ldap.internal.company","port":389,"base_dn":"DC=company,DC=local","sync_interval_hours":24}'
::jsonb,
     true,'healthy','admin'),
('37000000-0000-0000-0000-000000000002',
     'Prometheus Metrics','api_generic',
     '{"endpoint":"http://prometheus:9090","scrape_interval_minutes":5}'::jsonb,
     true,'healthy','admin'),
('37000000-0000-0000-0000-000000000003',
     'ServiceNow ITSM','servicenow',
     '{"instance":"company.service-now.com","api_version":"v1"}'::jsonb,
     false,'unknown','admin')
ON CONFLICT
(id) DO
UPDATE SET health_status = EXCLUDED.health_status;

-- ============================================================================
-- 9. INTEGRATION SYNC RULES
-- direction CHECK: 'inbound'/'outbound'/'bidirectional'
-- entity_type, field_mappings, filter_conditions (not source/target/filter_rules)
-- No rule_type column
-- ============================================================================
INSERT INTO integration_sync_rules
    (id, connector_id, name, direction, entity_type,
    field_mappings, filter_conditions, schedule_cron, is_active)
VALUES
    ('38000000-0000-0000-0000-000000000001',
        '37000000-0000-0000-0000-000000000001',
        'Dong bo user tu AD', 'inbound', 'users',
        '[{"src":"cn","dst":"full_name"},{"src":"mail","dst":"email"},{"src":"sAMAccountName","dst":"username"}]'
::jsonb,
     '{"objectClass":"user","enabled":true}'::jsonb,
     '0 2 * * *',true),
('38000000-0000-0000-0000-000000000002',
     '37000000-0000-0000-0000-000000000002',
     'Thu thap CPU metrics','inbound','asset_performance_metrics',
     '[{"src":"__name__","dst":"metric_type"},{"src":"value","dst":"metric_value"}]'::jsonb,
     '{"job":"node_exporter"}'::jsonb,
     '*/5 * * * *',true)
ON CONFLICT
(id) DO NOTHING;

-- ============================================================================
-- 10. INTEGRATION SYNC LOGS
-- sync_rule_id (FK  integration_sync_rules)
-- direction NOT NULL, errors jsonb
-- No connector_id, rule_id, error_message columns
-- ============================================================================
INSERT INTO integration_sync_logs
    (id, sync_rule_id, direction, status, started_at, completed_at,
    records_processed, records_created, records_updated, records_failed, errors)
VALUES
    ('39000000-0000-0000-0000-000000000001',
        '38000000-0000-0000-0000-000000000001', 'inbound',
        'success', '2024-03-01 02:00:00', '2024-03-01 02:00:45', 50, 2, 48, 0, '[]'
::jsonb),
('39000000-0000-0000-0000-000000000002',
     '38000000-0000-0000-0000-000000000001','inbound',
     'success','2024-04-01 02:00:00','2024-04-01 02:00:38',50,0,50,0,'[]'::jsonb),
('39000000-0000-0000-0000-000000000003',
     '38000000-0000-0000-0000-000000000002','inbound',
     'failed','2024-03-15 05:00:00','2024-03-15 05:00:03',0,0,0,0,
     '[{"error":"Connection refused: prometheus:9090"}]'::jsonb)
ON CONFLICT
(id) DO NOTHING;

-- ============================================================================
-- 11. INTEGRATION WEBHOOKS
-- url (not endpoint_url), events (varchar[]), secret (not secret_key)
-- ============================================================================
INSERT INTO integration_webhooks
    (id, connector_id, name, url, events, secret, is_active)
VALUES
    ('3a000000-0000-0000-0000-000000000001',
        '37000000-0000-0000-0000-000000000001',
        'AD User Event Webhook',
        'https://hooks.internal/ad/user-created',
        ARRAY
['user.created','user.updated'],
     'whsec_ad_001',true),
('3a000000-0000-0000-0000-000000000002',
     '37000000-0000-0000-0000-000000000002',
     'Prometheus Alert Webhook',
     'https://hooks.internal/prom/alert',
     ARRAY['alert.fired','alert.resolved'],
     'whsec_prom_001',true)
ON CONFLICT
(id) DO NOTHING;

-- ============================================================================
-- 12. SCHEDULED TASKS
-- task_type CHECK: 'warranty_check'/'maintenance_reminder'/'report_generation'/
--   'data_cleanup'/'sync_external'/'custom'
-- No task_code, description, created_by columns; has config jsonb NOT NULL
-- ============================================================================
INSERT INTO scheduled_tasks
    (id, name, task_type, cron_expression, config,
    is_active, last_run_at, next_run_at, last_status)
VALUES
    ('3b000000-0000-0000-0000-000000000001',
        'Bao cao tuan', 'report_generation', '0 7 * * 1',
        '{"report_type":"weekly_asset_summary","recipients":["it_manager"]}'
::jsonb,
     true,'2024-04-08 07:00:00','2024-04-15 07:00:00','success'),
('3b000000-0000-0000-0000-000000000002',
     'Kiem tra bao hanh','warranty_check','0 8 * * *',
     '{"days_threshold":30}'::jsonb,
     true,'2024-04-10 08:00:00','2024-04-11 08:00:00','success'),
('3b000000-0000-0000-0000-000000000003',
     'Nhac nho bao tri','maintenance_reminder','0 8 * * *',
     '{"days_threshold":7}'::jsonb,
     true,'2024-04-10 08:00:00','2024-04-11 08:00:00','success'),
('3b000000-0000-0000-0000-000000000004',
     'Dong bo AD','sync_external','0 2 * * *',
     '{"connector_id":"37000000-0000-0000-0000-000000000001"}'::jsonb,
     true,'2024-04-10 02:00:00','2024-04-11 02:00:00','success'),
('3b000000-0000-0000-0000-000000000005',
     'Don dep du lieu cu','data_cleanup','0 1 1 * *',
     '{"older_than_days":365,"tables":["audit_logs","sessions"]}'::jsonb,
     true,'2024-04-01 01:00:00','2024-05-01 01:00:00','success')
ON CONFLICT
(id) DO NOTHING;

-- ============================================================================
-- 13. REMINDERS
-- reminder_type CHECK: 'warranty_expiring'/'maintenance_due'
-- status CHECK: 'pending'/'sent'/'canceled'
-- asset_id FK  assets (required)
-- No user_id, title, message, entity_type, entity_id, recurrence columns
-- ============================================================================
INSERT INTO reminders
    (id, reminder_type, asset_id, due_at, status, channel, correlation_id)
VALUES
    ('3c000000-0000-0000-0000-000000000001',
        'warranty_expiring', 'a1000000-0000-0000-0000-000000000034',
        '2024-04-20 09:00:00', 'pending', 'email', 'REM-2024-001'),
    ('3c000000-0000-0000-0000-000000000002',
        'maintenance_due', 'a1000000-0000-0000-0000-000000000001',
        '2024-05-01 09:00:00', 'pending', 'ui', 'REM-2024-002'),
    ('3c000000-0000-0000-0000-000000000003',
        'warranty_expiring', 'a1000000-0000-0000-0000-000000000011',
        '2024-06-15 09:00:00', 'sent', 'email', 'REM-2024-003'),
    ('3c000000-0000-0000-0000-000000000004',
        'maintenance_due', 'a1000000-0000-0000-0000-000000000009',
        '2024-04-30 09:00:00', 'pending', 'ui', 'REM-2024-004'),
    ('3c000000-0000-0000-0000-000000000005',
        'warranty_expiring', 'a1000000-0000-0000-0000-000000000034',
        '2024-03-01 09:00:00', 'sent', 'email', 'REM-2024-005')
ON CONFLICT
(id) DO NOTHING;

-- ============================================================================
-- 14. SESSIONS
-- is_revoked (not is_active)
-- ============================================================================
INSERT INTO sessions
    (id, user_id, token, refresh_token, ip_address, user_agent,
    expires_at, refresh_expires_at, is_revoked)
VALUES
    ('3d000000-0000-0000-0000-000000000001',
        '00000000-0000-0000-0000-000000000001',
        'tok_admin_live_001', 'rtok_admin_live_001', '10.0.1.100',
        'Mozilla/5.0 (Windows NT 10.0; Win64; x64) AppleWebKit/537.36',
        '2024-04-11 08:00:00', '2024-04-24 08:00:00', false),
    ('3d000000-0000-0000-0000-000000000002',
        '00000000-0000-0000-0000-000000000002',
        'tok_itman_live_001', 'rtok_itman_live_001', '10.0.1.101',
        'Mozilla/5.0 (Windows NT 10.0; Win64; x64) AppleWebKit/537.36',
        '2024-04-11 09:30:00', '2024-04-24 09:30:00', false),
    ('3d000000-0000-0000-0000-000000000003',
        '00000000-0000-0000-0000-000000000006',
        'tok_staff_expired', 'rtok_staff_expired', '10.0.2.50',
        'SvelteKit/1.0',
        '2024-03-01 17:00:00', '2024-03-14 17:00:00', true)
ON CONFLICT
(id) DO NOTHING;

-- ============================================================================
-- 15. SECURITY AUDIT LOGS
-- Columns: user_id(varchar), action NOT NULL, resource_type NOT NULL,
--   resource_id, ip_address, user_agent, details jsonb, risk_level
-- risk_level CHECK: 'info'/'low'/'medium'/'high'/'critical'
-- No event_type, actor_id, actor_ip, target_id, target_type, detail, status
-- ============================================================================
INSERT INTO security_audit_logs
    (id, user_id, action, resource_type, resource_id,
    ip_address, details, risk_level, created_at)
VALUES
    ('3e000000-0000-0000-0000-000000000001',
        '00000000-0000-0000-0000-000000000001',
        'login', 'session', NULL, '10.0.1.100',
        '{"method":"password","mfa":false}'
::jsonb,'info','2024-04-10 08:00:00'),
('3e000000-0000-0000-0000-000000000002',
     '00000000-0000-0000-0000-000000000002',
     'login','session',NULL,'10.0.1.101',
     '{"method":"password","mfa":true}'::jsonb,'info','2024-04-10 09:30:00'),
('3e000000-0000-0000-0000-000000000003',
     'unknown',
     'login_failed','session',NULL,'222.33.44.55',
     '{"username":"admin_test","attempts":3}'::jsonb,'high','2024-03-15 02:15:00'),
('3e000000-0000-0000-0000-000000000004',
     '00000000-0000-0000-0000-000000000007',
     'permission_denied','asset','a1000000-0000-0000-0000-000000000034','10.0.2.100',
     '{"action":"delete","reason":"insufficient_role"}'::jsonb,'medium','2024-03-20 14:22:00'),
('3e000000-0000-0000-0000-000000000005',
     '00000000-0000-0000-0000-000000000001',
     'logout','session',NULL,'10.0.1.100',
     '{"session_duration_minutes":480}'::jsonb,'info','2024-04-10 16:00:00')
ON CONFLICT
(id) DO NOTHING;

-- ============================================================================
-- 16. AUDIT LOGS (generic change log)
-- Columns: correlation_id, user_id(varchar), action, resource, details
-- No table_name, record_id, old_values, new_values, actor_id, actor_ip
-- ============================================================================
INSERT INTO audit_logs
    (id, correlation_id, user_id, action, resource, details, created_at)
VALUES
    ('3f000000-0000-0000-0000-000000000001', 'COR-A001',
        '00000000-0000-0000-0000-000000000002',
        'update', 'assets/a1000000-0000-0000-0000-000000000011',
        '{"old_status":"in_storage","new_status":"in_use","assigned_to":"00000000-0000-0000-0000-000000000006"}'
::jsonb,
     '2024-01-20 14:30:00'),
('3f000000-0000-0000-0000-000000000002','COR-A002',
     '00000000-0000-0000-0000-000000000006',
     'update','maintenance_tickets/a2000000-0000-0000-0000-000000000001',
     '{"old_status":"scheduled","new_status":"completed","actual_cost":450000}'::jsonb,
     '2024-03-10 14:00:00'),
('3f000000-0000-0000-0000-000000000003','COR-A003',
     '00000000-0000-0000-0000-000000000002',
     'approve','asset_requests/a5000000-0000-0000-0000-000000000001',
     '{"old_status":"pending","new_status":"approved"}'::jsonb,
     '2024-02-06 15:30:00'),
('3f000000-0000-0000-0000-000000000004','COR-A004',
     '00000000-0000-0000-0000-000000000002',
     'update','licenses/b4000000-0000-0000-0000-000000000001',
     '{"old_licenses_used":48,"new_licenses_used":49}'::jsonb,
     '2024-02-01 10:00:00'),
('3f000000-0000-0000-0000-000000000005','COR-A005',
     '00000000-0000-0000-0000-000000000003',
     'create','spare_part_stock/b5000000-0000-0000-0000-000000000001',
     '{"qty_added":15,"old_qty":5,"new_qty":20}'::jsonb,
     '2024-01-20 10:00:00')
ON CONFLICT
(id) DO NOTHING;

-- ============================================================================
-- 17. ATTACHMENTS (generic file attachments)
-- entity_type CHECK: ONLY 'repair_order' or 'stock_document'
-- file_name, storage_key, size_bytes (not filename, file_key, file_size)
-- entity_id UUID FK
-- ============================================================================
INSERT INTO attachments
    (id, entity_type, entity_id, file_name, mime_type,
    storage_key, size_bytes, uploaded_by)
VALUES
    ('40000000-0000-0000-0000-000000000001',
        'repair_order', 'a3000000-0000-0000-0000-000000000001',
        'repair-report-laptop.pdf', 'application/pdf',
        'uploads/repair/ro001-report.pdf', 245760, '00000000-0000-0000-0000-000000000006'),
    ('40000000-0000-0000-0000-000000000002',
        'repair_order', 'a3000000-0000-0000-0000-000000000002',
        'repair-receipt-battery.pdf', 'application/pdf',
        'uploads/repair/ro002-receipt.pdf', 180000, '00000000-0000-0000-0000-000000000006'),
    ('40000000-0000-0000-0000-000000000003',
        'stock_document', 'b3000000-0000-0000-0000-000000000001',
        'stock-entry-jan2024.pdf', 'application/pdf',
        'uploads/stock/se001-jan2024.pdf', 102400, '00000000-0000-0000-0000-000000000003'),
    ('40000000-0000-0000-0000-000000000004',
        'repair_order', 'a3000000-0000-0000-0000-000000000003',
        'repair-photo-monitor.jpg', 'image/jpeg',
        'uploads/repair/ro003-photo.jpg', 512000, '00000000-0000-0000-0000-000000000006'),
    ('40000000-0000-0000-0000-000000000005',
        'stock_document', 'b3000000-0000-0000-0000-000000000002',
        'stock-exit-feb2024.pdf', 'application/pdf',
        'uploads/stock/se002-feb2024.pdf', 98304, '00000000-0000-0000-0000-000000000003')
ON CONFLICT
(id) DO NOTHING;

-- ============================================================================
-- 18. RBAC ROLES
-- key (not code) column is UNIQUE
-- ============================================================================
INSERT INTO rbac_roles
    (id, key, name, description, is_system)
VALUES
    ('41000000-0000-0000-0000-000000000001', 'admin', 'Quan tri vien', 'Toan quyen he thong', true),
    ('41000000-0000-0000-0000-000000000002', 'it_manager', 'Quan ly CNTT', 'Quan ly tai san CNTT', true),
    ('41000000-0000-0000-0000-000000000003', 'it_staff', 'Ky thuat vien', 'Nhan vien ky thuat CNTT', true),
    ('41000000-0000-0000-0000-000000000004', 'warehouse_staff', 'Quan ly kho', 'Nhan vien quan ly kho', true),
    ('41000000-0000-0000-0000-000000000005', 'user', 'Nguoi dung', 'Nguoi dung thong thuong', true),
    ('41000000-0000-0000-0000-000000000006', 'viewer', 'Xem bao cao', 'Chi xem bao cao', true)
ON CONFLICT
(key) DO
UPDATE SET name = EXCLUDED.name;

-- ============================================================================
-- 19. RBAC PERMISSIONS
-- action CHECK: 'create'/'read'/'update'/'delete'/'execute'/'approve'/'export'
-- code UNIQUE, module NOT NULL
-- No resource column (use module instead)
-- ============================================================================
INSERT INTO rbac_permissions
    (id, code, name, module, action, description)
VALUES
    ('42000000-0000-0000-0000-000000000001', 'perm.assets.read', 'Xem tai san', 'assets', 'read', 'Xem danh sach va chi tiet tai san'),
    ('42000000-0000-0000-0000-000000000002', 'perm.assets.create', 'Them tai san', 'assets', 'create', 'Tao tai san moi'),
    ('42000000-0000-0000-0000-000000000003', 'perm.assets.update', 'Sua tai san', 'assets', 'update', 'Chinh sua thong tin tai san'),
    ('42000000-0000-0000-0000-000000000004', 'perm.assets.delete', 'Xoa tai san', 'assets', 'delete', 'Xoa tai san khoi he thong'),
    ('42000000-0000-0000-0000-000000000005', 'perm.assets.approve', 'Duyet ban giao tai san', 'assets', 'approve', 'Phe duyet ban giao tai san'),
    ('42000000-0000-0000-0000-000000000006', 'perm.maintenance.read', 'Xem bao tri', 'maintenance', 'read', 'Xem phieu bao tri'),
    ('42000000-0000-0000-0000-000000000007', 'perm.maintenance.create', 'Tao bao tri', 'maintenance', 'create', 'Tao phieu bao tri moi'),
    ('42000000-0000-0000-0000-000000000008', 'perm.reports.read', 'Xem bao cao', 'reports', 'read', 'Xem bao cao'),
    ('42000000-0000-0000-0000-000000000009', 'perm.reports.export', 'Xuat bao cao', 'reports', 'export', 'Xuat bao cao ra file'),
    ('42000000-0000-0000-0000-000000000010', 'perm.users.execute', 'Quan ly nguoi dung', 'users', 'execute', 'Quan ly nguoi dung he thong'),
    ('42000000-0000-0000-0000-000000000011', 'perm.warehouse.create', 'Nhap xuat kho', 'warehouse', 'create', 'Tao phieu nhap xuat kho')
ON CONFLICT
(code) DO NOTHING;

-- ============================================================================
-- 20. RBAC ROLE PERMISSIONS
-- PK is (role, permission_id)  role is varchar(50) key string (not UUID!)
-- No id, no role_id column
-- ============================================================================
INSERT INTO rbac_role_permissions
    (role, permission_id, granted_by)
VALUES
    ('admin', '42000000-0000-0000-0000-000000000001', 'system'),
    ('admin', '42000000-0000-0000-0000-000000000002', 'system'),
    ('admin', '42000000-0000-0000-0000-000000000003', 'system'),
    ('admin', '42000000-0000-0000-0000-000000000004', 'system'),
    ('admin', '42000000-0000-0000-0000-000000000005', 'system'),
    ('admin', '42000000-0000-0000-0000-000000000010', 'system'),
    ('it_manager', '42000000-0000-0000-0000-000000000001', 'system'),
    ('it_manager', '42000000-0000-0000-0000-000000000002', 'system'),
    ('it_manager', '42000000-0000-0000-0000-000000000003', 'system'),
    ('it_manager', '42000000-0000-0000-0000-000000000005', 'system'),
    ('it_manager', '42000000-0000-0000-0000-000000000008', 'system'),
    ('it_staff', '42000000-0000-0000-0000-000000000001', 'system'),
    ('it_staff', '42000000-0000-0000-0000-000000000006', 'system'),
    ('it_staff', '42000000-0000-0000-0000-000000000007', 'system'),
    ('warehouse_staff', '42000000-0000-0000-0000-000000000011', 'system'),
    ('user', '42000000-0000-0000-0000-000000000001', 'system'),
    ('viewer', '42000000-0000-0000-0000-000000000008', 'system'),
    ('viewer', '42000000-0000-0000-0000-000000000009', 'system')
ON CONFLICT
(role, permission_id) DO NOTHING;

-- ============================================================================
-- 21. CHECKOUT TRANSFERS
-- original_checkout_id + new_checkout_id FK → asset_checkouts(id)
-- from_user_id / to_user_id / transferred_by FK → users(id)
-- ============================================================================
INSERT INTO checkout_transfers
    (id, original_checkout_id, new_checkout_id, from_user_id, to_user_id,
    transfer_reason, transferred_by, notes)
VALUES
    ('cc000000-0000-0000-0000-000000000001',
        'ac000000-0000-0000-0000-000000000001',
        'ac000000-0000-0000-0000-000000000002',
        '00000000-0000-0000-0000-000000000005',
        '00000000-0000-0000-0000-000000000006',
        'Nhan vien chuyen cong tac, ban giao laptop sang bo phan moi',
        '00000000-0000-0000-0000-000000000002',
        'Ban giao Laptop Dell tu phong KT sang phong CNTT')
ON CONFLICT
(id) DO NOTHING;

COMMIT;
