-- =============================================================================
-- SEED: WAREHOUSE / STOCK MANAGEMENT
-- Phụ thuộc vào: spare_parts (c1...), warehouses (d1...), users, assets, locations
-- =============================================================================
BEGIN;

    -- ============================================================================
    -- 1. SPARE PART STOCK  (tồn kho linh kiện tại từng kho)
    -- ============================================================================
    INSERT INTO spare_part_stock
        (id, part_id, warehouse_id, on_hand, reserved)
    VALUES
        -- RAM DDR4 8GB (c1...001)
        ('b5000000-0000-0000-0000-000000000001', 'c1000000-0000-0000-0000-000000000001', 'd1000000-0000-0000-0000-000000000001', 15, 2),
        ('b5000000-0000-0000-0000-000000000002', 'c1000000-0000-0000-0000-000000000001', 'd1000000-0000-0000-0000-000000000004', 10, 1),
        -- RAM DDR4 16GB (c1...002)
        ('b5000000-0000-0000-0000-000000000003', 'c1000000-0000-0000-0000-000000000002', 'd1000000-0000-0000-0000-000000000001', 8, 0),
        ('b5000000-0000-0000-0000-000000000004', 'c1000000-0000-0000-0000-000000000002', 'd1000000-0000-0000-0000-000000000004', 5, 1),
        -- SSD NVMe 256GB (c1...004)
        ('b5000000-0000-0000-0000-000000000005', 'c1000000-0000-0000-0000-000000000004', 'd1000000-0000-0000-0000-000000000001', 12, 1),
        ('b5000000-0000-0000-0000-000000000006', 'c1000000-0000-0000-0000-000000000004', 'd1000000-0000-0000-0000-000000000004', 6, 0),
        -- SSD NVMe 512GB (c1...005)
        ('b5000000-0000-0000-0000-000000000007', 'c1000000-0000-0000-0000-000000000005', 'd1000000-0000-0000-0000-000000000001', 8, 1),
        ('b5000000-0000-0000-0000-000000000008', 'c1000000-0000-0000-0000-000000000005', 'd1000000-0000-0000-0000-000000000004', 4, 0),
        -- HDD 1TB (c1...006)
        ('b5000000-0000-0000-0000-000000000009', 'c1000000-0000-0000-0000-000000000006', 'd1000000-0000-0000-0000-000000000001', 6, 0),
        ('b5000000-0000-0000-0000-000000000010', 'c1000000-0000-0000-0000-000000000006', 'd1000000-0000-0000-0000-000000000002', 4, 0),
        -- CPU Cooler (c1...008)
        ('b5000000-0000-0000-0000-000000000011', 'c1000000-0000-0000-0000-000000000008', 'd1000000-0000-0000-0000-000000000001', 5, 0),
        -- PSU 600W (c1...009)
        ('b5000000-0000-0000-0000-000000000012', 'c1000000-0000-0000-0000-000000000009', 'd1000000-0000-0000-0000-000000000001', 4, 0),
        ('b5000000-0000-0000-0000-000000000013', 'c1000000-0000-0000-0000-000000000009', 'd1000000-0000-0000-0000-000000000005', 2, 0),
        -- Keyboard USB (c1...010)
        ('b5000000-0000-0000-0000-000000000014', 'c1000000-0000-0000-0000-000000000010', 'd1000000-0000-0000-0000-000000000001', 20, 3),
        ('b5000000-0000-0000-0000-000000000015', 'c1000000-0000-0000-0000-000000000010', 'd1000000-0000-0000-0000-000000000003', 8, 0),
        -- Mouse USB (c1...011)
        ('b5000000-0000-0000-0000-000000000016', 'c1000000-0000-0000-0000-000000000011', 'd1000000-0000-0000-0000-000000000001', 18, 2),
        -- Toner HP LaserJet (c1...021)
        ('b5000000-0000-0000-0000-000000000017', 'c1000000-0000-0000-0000-000000000021', 'd1000000-0000-0000-0000-000000000001', 10, 0),
        -- Toner Brother (c1...022)
        ('b5000000-0000-0000-0000-000000000018', 'c1000000-0000-0000-0000-000000000022', 'd1000000-0000-0000-0000-000000000001', 8, 0),
        -- SFP Module 1G (c1...026)
        ('b5000000-0000-0000-0000-000000000019', 'c1000000-0000-0000-0000-000000000026', 'd1000000-0000-0000-0000-000000000002', 12, 2),
        -- UPS Battery (c1...025)
        ('b5000000-0000-0000-0000-000000000020', 'c1000000-0000-0000-0000-000000000025', 'd1000000-0000-0000-0000-000000000001', 6, 2)
    ON CONFLICT
    (part_id, warehouse_id) DO
    UPDATE SET
    on_hand   = EXCLUDED.on_hand,
    reserved  = EXCLUDED.reserved;

    -- ============================================================================
    -- 2. SPARE PART LOTS  (lô hàng nhập kho)
    -- ============================================================================
    INSERT INTO spare_part_lots
        (id, warehouse_id, part_id, lot_number, expiry_date, on_hand, reserved)
    VALUES
        ('b5100000-0000-0000-0000-000000000001', 'd1000000-0000-0000-0000-000000000001', 'c1000000-0000-0000-0000-000000000001', 'LOT-RAM8G-2024-01', NULL, 15, 0),
        ('b5100000-0000-0000-0000-000000000002', 'd1000000-0000-0000-0000-000000000001', 'c1000000-0000-0000-0000-000000000002', 'LOT-RAM16G-2024-01', NULL, 8, 0),
        ('b5100000-0000-0000-0000-000000000003', 'd1000000-0000-0000-0000-000000000001', 'c1000000-0000-0000-0000-000000000005', 'LOT-SSD512-2024-01', NULL, 8, 1),
        ('b5100000-0000-0000-0000-000000000004', 'd1000000-0000-0000-0000-000000000001', 'c1000000-0000-0000-0000-000000000004', 'LOT-SSD256-2024-01', NULL, 12, 1),
        ('b5100000-0000-0000-0000-000000000005', 'd1000000-0000-0000-0000-000000000001', 'c1000000-0000-0000-0000-000000000021', 'LOT-TONER-HP-2024', '2026-02-01', 10, 0),
        ('b5100000-0000-0000-0000-000000000006', 'd1000000-0000-0000-0000-000000000001', 'c1000000-0000-0000-0000-000000000025', 'LOT-UPS-BAT-2024', NULL, 6, 0),
        ('b5100000-0000-0000-0000-000000000007', 'd1000000-0000-0000-0000-000000000001', 'c1000000-0000-0000-0000-000000000010', 'LOT-KB-2024', NULL, 20, 3),
        ('b5100000-0000-0000-0000-000000000008', 'd1000000-0000-0000-0000-000000000002', 'c1000000-0000-0000-0000-000000000026', 'LOT-SFP-2024', NULL, 12, 2)
    ON CONFLICT
    (warehouse_id, part_id, lot_number) DO NOTHING;

    -- ============================================================================
    -- 3. STOCK DOCUMENTS
    -- ============================================================================
    INSERT INTO stock_documents
        (id, code, doc_type, status, warehouse_id, target_warehouse_id,
        ref_type, note, created_by, approved_by, posted_at)
    VALUES
        ('b6000000-0000-0000-0000-000000000001', 'GR-2024-001', 'receipt', 'posted', NULL, 'd1000000-0000-0000-0000-000000000001', 'purchase_order', 'Nhập kho RAM tháng 1', 'admin', 'manager', '2024-01-10'),
        ('b6000000-0000-0000-0000-000000000002', 'GR-2024-002', 'receipt', 'posted', NULL, 'd1000000-0000-0000-0000-000000000001', 'purchase_order', 'Nhập kho SSD tháng 1', 'admin', 'manager', '2024-01-15'),
        ('b6000000-0000-0000-0000-000000000003', 'GI-2024-001', 'issue', 'posted', 'd1000000-0000-0000-0000-000000000001', NULL, 'repair_order', 'Xuất SSD cho sửa chữa PC-009', 'admin', 'manager', '2024-03-05'),
        ('b6000000-0000-0000-0000-000000000004', 'TR-2024-001', 'transfer', 'posted', 'd1000000-0000-0000-0000-000000000001', 'd1000000-0000-0000-0000-000000000004', 'internal', 'Chuyển RAM sang kho CNTT', 'admin', 'manager', '2024-01-20'),
        ('b6000000-0000-0000-0000-000000000005', 'GR-2024-003', 'receipt', 'posted', NULL, 'd1000000-0000-0000-0000-000000000001', 'purchase_order', 'Nhập mực in tháng 2', 'admin', 'manager', '2024-02-01'),
        ('b6000000-0000-0000-0000-000000000006', 'GI-2024-002', 'issue', 'posted', 'd1000000-0000-0000-0000-000000000001', NULL, 'maintenance', 'Xuất bộ dụng cụ bảo trì', 'admin', 'manager', '2024-03-15'),
        ('b6000000-0000-0000-0000-000000000007', 'ADJ-2024-001', 'adjust', 'posted', 'd1000000-0000-0000-0000-000000000001', NULL, 'inventory_check', 'Điều chỉnh sau kiểm kê tháng 3', 'admin', 'manager', '2024-03-31'),
        ('b6000000-0000-0000-0000-000000000008', 'GR-2024-004', 'receipt', 'draft', NULL, 'd1000000-0000-0000-0000-000000000001', 'purchase_order', 'Đang nhập kho - chưa hoàn tất', 'admin', NULL, NULL)
    ON CONFLICT
    (code) DO
    UPDATE SET
    status    = EXCLUDED.status,
    posted_at = EXCLUDED.posted_at;

    -- ============================================================================
    -- 4. STOCK DOCUMENT LINES
    -- ============================================================================
    INSERT INTO stock_document_lines
        (id, document_id, part_id, qty, unit_cost, note, adjust_direction)
    VALUES
        ('b6100000-0000-0000-0000-000000000001', 'b6000000-0000-0000-0000-000000000001', 'c1000000-0000-0000-0000-000000000001', 20, 320000, 'RAM DDR4 8GB', NULL),
        ('b6100000-0000-0000-0000-000000000002', 'b6000000-0000-0000-0000-000000000001', 'c1000000-0000-0000-0000-000000000002', 10, 600000, 'RAM DDR4 16GB', NULL),
        ('b6100000-0000-0000-0000-000000000003', 'b6000000-0000-0000-0000-000000000002', 'c1000000-0000-0000-0000-000000000005', 12, 1800000, 'SSD NVMe 512GB', NULL),
        ('b6100000-0000-0000-0000-000000000004', 'b6000000-0000-0000-0000-000000000002', 'c1000000-0000-0000-0000-000000000004', 15, 1200000, 'SSD NVMe 256GB', NULL),
        ('b6100000-0000-0000-0000-000000000005', 'b6000000-0000-0000-0000-000000000003', 'c1000000-0000-0000-0000-000000000005', 1, 1800000, 'SSD NVMe 512GB cho RO-2024-001', NULL),
        ('b6100000-0000-0000-0000-000000000006', 'b6000000-0000-0000-0000-000000000004', 'c1000000-0000-0000-0000-000000000001', 5, 320000, 'Chuyển 5 RAM 8GB sang kho CNTT', NULL),
        ('b6100000-0000-0000-0000-000000000007', 'b6000000-0000-0000-0000-000000000005', 'c1000000-0000-0000-0000-000000000021', 15, 420000, 'Mực in HP LaserJet', NULL),
        ('b6100000-0000-0000-0000-000000000008', 'b6000000-0000-0000-0000-000000000006', 'c1000000-0000-0000-0000-000000000008', 2, 180000, 'CPU cooler cho bảo trì', NULL),
        ('b6100000-0000-0000-0000-000000000009', 'b6000000-0000-0000-0000-000000000007', 'c1000000-0000-0000-0000-000000000006', 1, 0, 'Điều chỉnh HDD hỏng', 'minus')
    ON CONFLICT
    (id) DO NOTHING;

-- ============================================================================
-- 5. SPARE PART MOVEMENTS  (log di chuyển từng dòng)
-- ============================================================================
INSERT INTO spare_part_movements
    (id, part_id, warehouse_id, movement_type, qty, ref_type, created_at)
VALUES
    ('b6200000-0000-0000-0000-000000000001', 'c1000000-0000-0000-0000-000000000001', 'd1000000-0000-0000-0000-000000000001', 'in', 20, 'purchase', '2024-01-10'),
    ('b6200000-0000-0000-0000-000000000002', 'c1000000-0000-0000-0000-000000000002', 'd1000000-0000-0000-0000-000000000001', 'in', 10, 'purchase', '2024-01-10'),
    ('b6200000-0000-0000-0000-000000000003', 'c1000000-0000-0000-0000-000000000005', 'd1000000-0000-0000-0000-000000000001', 'in', 12, 'purchase', '2024-01-15'),
    ('b6200000-0000-0000-0000-000000000004', 'c1000000-0000-0000-0000-000000000005', 'd1000000-0000-0000-0000-000000000001', 'out', 1, 'repair_order', '2024-03-05'),
    ('b6200000-0000-0000-0000-000000000005', 'c1000000-0000-0000-0000-000000000001', 'd1000000-0000-0000-0000-000000000001', 'transfer_out', 5, 'transfer', '2024-01-20'),
    ('b6200000-0000-0000-0000-000000000006', 'c1000000-0000-0000-0000-000000000001', 'd1000000-0000-0000-0000-000000000004', 'transfer_in', 5, 'transfer', '2024-01-20'),
    ('b6200000-0000-0000-0000-000000000007', 'c1000000-0000-0000-0000-000000000021', 'd1000000-0000-0000-0000-000000000001', 'in', 15, 'purchase', '2024-02-01'),
    ('b6200000-0000-0000-0000-000000000008', 'c1000000-0000-0000-0000-000000000025', 'd1000000-0000-0000-0000-000000000001', 'out', 2, 'repair_order', '2024-03-20')
ON CONFLICT
(id) DO NOTHING;

-- ============================================================================
-- 6. PURCHASE PLAN DOCS + LINES
-- ============================================================================
INSERT INTO purchase_plan_docs
    (id, doc_no, doc_date, fiscal_year, title, status,
    total_estimated_cost, description, created_by)
VALUES
    ('b7000000-0000-0000-0000-000000000001', 'KHMS-2024-001', '2024-01-05', 2024, 'Kế hoạch mua sắm CNTT Quý 1 2024', 'approved', 150000000, 'Mua sắm PC, laptop, phụ kiện', 'admin'),
    ('b7000000-0000-0000-0000-000000000002', 'KHMS-2024-002', '2024-04-01', 2024, 'Kế hoạch mua sắm CNTT Quý 2 2024', 'draft', 80000000, 'Nâng cấp hạ tầng mạng', 'admin'),
    ('b7000000-0000-0000-0000-000000000003', 'KHMS-2023-004', '2023-10-01', 2023, 'Kế hoạch mua sắm Q4 2023', 'posted', 50000000, 'Mua thêm màn hình+UPS', 'admin')
ON CONFLICT
(doc_no) DO
UPDATE SET status = EXCLUDED.status;

INSERT INTO purchase_plan_lines
    (id, doc_id, line_no, category_id, model_id, item_description,
    quantity, estimated_unit_cost, estimated_total_cost, priority, note)
VALUES
    ('b7100000-0000-0000-0000-000000000001', 'b7000000-0000-0000-0000-000000000001', 1, 'e0000000-0000-0000-0000-000000000001', 'f0000000-0000-0000-0000-000000000001', 'Dell OptiPlex 7000 i7', 5, 15000000, 75000000, 'high', 'Mua 5 PC cho phòng kế toán'),
    ('b7100000-0000-0000-0000-000000000002', 'b7000000-0000-0000-0000-000000000001', 2, 'e0000000-0000-0000-0000-000000000002', 'f0000000-0000-0000-0000-000000000011', 'Dell Latitude 5540 i7', 2, 28000000, 56000000, 'medium', 'Laptop kỹ sư CNTT'),
    ('b7100000-0000-0000-0000-000000000003', 'b7000000-0000-0000-0000-000000000002', 1, 'e0000000-0000-0000-0000-000000000005', 'f0000000-0000-0000-0000-000000000041', 'Cisco Catalyst 1000-24T', 2, 35000000, 70000000, 'high', 'Thay switch tầng 1-2'),
    ('b7100000-0000-0000-0000-000000000004', 'b7000000-0000-0000-0000-000000000003', 1, 'e0000000-0000-0000-0000-000000000003', 'f0000000-0000-0000-0000-000000000021', 'Dell P2422H 24" FHD', 4, 4500000, 18000000, 'medium', 'Màn hình kế toán'),
    ('b7100000-0000-0000-0000-000000000005', 'b7000000-0000-0000-0000-000000000003', 2, 'e0000000-0000-0000-0000-000000000014', 'f0000000-0000-0000-0000-000000000073', 'APC Back-UPS 1100VA', 4, 3200000, 12800000, 'medium', 'UPS chi nhánh và VP')
ON CONFLICT
(id) DO NOTHING;

COMMIT;
